temperatura,umidade_relativa,velocidade_vento,precipitacao_24h,ndvi,dias_sem_chuva,altitude,mes,historico_focos,risco_queimada
23.108904159657687,65.54326947880082,51.86055632622576,12.242565689485836,0.554306321534056,27,407.2902619132268,8,4,médio
43.275000724347066,76.7013257472235,13.790908968413298,3.725998360792306,-0.01996743023406336,21,677.2151375659369,4,2,médio
35.619787963399176,27.542110891324906,69.7915650683852,6.453289751511346,0.142329811453739,108,108.36404981831443,6,0,alto
30.95304694689628,61.2386689646299,49.04929912553932,2.8639333292705427,0.6736793464792508,15,911.0670283381278,5,3,médio
15.460652415485278,56.45713848293738,12.57631068455634,4.9717286526412705,0.42868585367881973,12,949.7738620603008,12,3,baixo
15.459808211767093,79.9547339109444,76.98704459849654,2.0819422869162634,0.8279690617870448,99,2013.1764930181273,2,3,baixo
12.03292642588698,86.54783544331345,41.46923706682565,1.791660293730053,0.3287514083413543,99,1632.82667572414,8,5,baixo
40.31616510212273,6.094109432964813,5.8318761497324,4.3164731511935415,0.7698123658139231,61,1091.8063953891665,3,4,alto
31.039025411012307,65.66179271529134,50.146632353205376,3.4470675388351624,0.34895543747823754,42,1630.2849465593706,5,3,médio
34.78254022286159,9.665221920775611,20.255912561024818,4.3319864677964475,0.8792482787019853,86,131.9583762892279,8,3,alto
10.720457300353086,54.39727985696203,64.2954761501842,1.688989643823475,0.8598343813988768,77,450.6788400459402,11,4,médio
43.9468448256698,30.88694561393104,65.42576588529525,2.286091213269419,0.22913670555608032,31,1567.3696381043876,9,4,alto
39.13549242801476,32.60989395699271,78.31578846837294,0.4381376190941361,0.7859236704168032,66,1603.4170480632556,9,2,alto
17.431868873739667,36.76626531071209,40.149562481960295,0.2684617558175829,0.7476113742156493,90,1935.3366467685678,5,3,alto
16.36387385224852,60.91632041446491,36.39655037821897,1.4615111760824908,0.11068039732756282,82,1007.4993976340055,2,6,baixo
16.419157844870185,35.06449691018923,60.278048435718446,0.3857383331328565,0.5242904007832697,85,1806.3852415403906,7,3,alto
20.64847850358382,70.94291455312523,10.597652507354125,0.5478172817869573,-0.027317684410185145,56,1709.9508314004736,11,1,baixo
28.366475107128323,41.40746470164827,43.75324110344994,8.381319382716747,0.7367107205834617,64,2408.4834459246226,11,3,baixo
25.11807565247405,11.151788027896275,43.699808010468075,0.19824724972561597,0.07454588350349653,68,537.8255660616979,7,3,alto
20.193019906931468,75.53838582356966,7.157849824830977,5.378525280232735,-0.029185298614235494,48,1379.1989093815987,12,2,baixo
31.414851315283283,30.71824921334354,33.43872684055309,1.5911033145110862,0.3002190955388112,32,1504.4111052761732,8,4,alto
14.882285122821465,43.949019163933635,68.26278388537615,10.260909648705594,0.4769221385996435,114,2496.619712335552,8,3,alto
20.225062698732636,66.68994948997113,68.49228975957283,3.3178669851385374,0.754916958559771,18,502.9603554166293,5,1,baixo
22.822664515279207,34.92105414338408,7.93901319357448,1.8233660773651774,0.8742425255217365,35,1308.0450499182305,1,1,baixo
25.962449447596256,10.092709053204405,7.257670619826468,3.645311746419777,0.3394925125698637,114,865.4632692840971,11,2,alto
37.481158648755475,38.652894231153226,21.015638160154822,2.405994467420732,-0.03955307701472979,69,1314.7324214474995,4,4,médio
16.98858237554259,90.0003724424873,69.98128500431947,4.15401894723186,0.6491155790258707,14,580.3215052577648,4,2,baixo
27.998205344476407,62.75609575687024,10.312206805879915,0.608199704145611,0.46517325622393746,99,119.03094606872028,11,4,baixo
30.734509910171486,65.43312338004861,57.5997442101957,29.029911307672403,0.34789134484446316,119,1431.4136347442222,3,2,médio
11.62576444519992,61.905393827387584,8.093249569048258,2.7717622480168074,0.20926887879218967,96,839.6357896520803,8,5,baixo
31.264069816550343,22.90929250634931,49.85102829982603,2.14032260759685,0.4023985278435357,23,454.8535043710841,3,5,médio
15.968344329055203,42.65004776920521,28.485383929531586,6.192991164104536,0.23867960445703093,26,809.8389151950844,5,1,baixo
12.276805754484784,72.58458185269865,63.11311703726936,2.2619928113053906,0.6570118677473603,48,123.2005036193623,2,4,médio
43.210993803866664,14.123560779784324,18.69523590602909,8.957026810519649,0.4438936964926411,74,2376.1055852252584,6,1,alto
43.79712115760958,30.006749848074104,51.136146351196786,3.0281612918229897,0.776847774154112,112,1452.8697874331513,6,4,alto
38.29390718407614,29.868719761926826,18.854602766070798,6.356949113206934,0.4435439146494421,22,2036.921703367562,8,5,médio
20.661481921067974,43.88170348350554,57.0928226489723,0.5683817407481958,0.13826241333993003,32,1057.795493869326,8,2,alto
13.418523990223434,93.23318668479665,69.8942427648599,9.35788454192338,0.7510918822321445,40,2258.2866689154644,1,2,baixo
33.94815592792549,11.075229201543975,10.144143930140803,6.653692570442088,0.45721904493004395,109,1208.2955538806334,5,4,alto
25.405337280886044,51.68308949425355,69.32765508764028,1.18948917752015,0.10684103814356125,110,1434.8633055016735,2,4,médio
14.271338219567259,21.14282138109894,47.486020353143836,0.784941901651654,0.5235078099562221,55,1229.484950156642,10,4,alto
27.331191853894456,92.36088908687697,10.168839269361918,1.901124315715167,0.25771676494242757,28,1833.195739669129,12,1,baixo
11.203598239032644,15.197315425471778,34.20334842877696,18.663234333926123,0.7444056122920658,30,1416.640194005156,5,4,médio
41.826214072757374,41.32409021254321,12.868823478807832,1.484162885008036,0.35329973864654285,64,678.9973089509944,10,3,alto
19.05729935600059,71.40964863511455,56.02783110932556,3.0451994972322662,0.6264413581074167,97,363.84882830661576,12,4,baixo
33.188279952389365,68.40989852247007,60.70945075343597,0.15240029478542438,-0.004463792363762847,17,1515.3109722074444,9,3,alto
20.909887663129382,43.0455773204539,8.463721621823916,2.5310774137939918,0.2960243463023462,81,1222.9499038675906,4,2,médio
28.20238074122338,36.18717511574464,40.49118821557155,4.23522297569397,0.8832414364723987,5,239.93924174028237,8,4,médio
29.13485977701479,40.78511406975835,65.17000448207338,15.301312641144925,0.7084602894771483,51,989.043664483171,1,6,médio
16.469905943393446,28.784863684277536,74.89304332407971,3.6359614189698215,0.05994080236692864,39,1286.941055001134,8,4,alto
43.93546197175955,23.479964483611983,41.081429339341604,8.549256929478274,0.17776404947725508,64,2067.233084563975,6,4,alto
37.12964881763901,48.473572780300096,76.02233788891256,3.9607248243973867,0.22981580885636108,110,190.25263958340588,8,0,alto
42.88246295474662,29.16803804608466,42.85511763648238,0.20820025683098572,0.5503655604954457,41,871.2383706150073,6,0,alto
41.31895726496771,30.87154984075251,31.535239567992637,1.891742606809478,0.6569947594896556,93,2056.6403067759634,11,5,alto
30.92649925838798,64.10804571271014,67.85625028423163,4.284799531268909,0.6495266088079098,67,1621.0598294289468,3,5,médio
42.265598225809086,92.16835985299029,39.43861683664713,15.038413575521915,0.40987405630640283,31,724.895804509467,12,3,baixo
13.097237571817182,59.32734805034376,37.752200845161845,9.799601767474599,0.7108205378381512,9,2113.337805056606,11,4,baixo
16.859400184670083,11.928152035846965,39.22499915278627,1.2961573760632894,0.3370780827574751,106,1233.233951406731,8,4,alto
11.582955111868833,11.802525246866029,67.74280014957964,1.243010884648566,0.0238805652955619,68,1245.8797282761514,5,3,alto
21.38656157671425,90.62808987610094,66.55532333504416,1.1230541807133518,0.4644418416538133,8,2441.4683480009608,12,1,médio
23.60370513913187,31.756171127660025,32.281599395216894,12.787315507331087,0.8523013846011067,68,2367.791258090946,10,5,médio
19.497216112086356,13.286028747422788,26.663988789642,9.575270999218482,0.6929936513925113,60,896.3317084246097,5,1,alto
39.00581282031753,58.91401284353434,39.354241923130346,7.455684660292303,0.4787006476922424,10,351.4478216577058,12,3,médio
22.486366434275624,61.12839004612395,45.82180077896872,2.493950989889356,0.546805660349097,98,814.1668306952351,7,3,médio
19.832707839058326,63.365433810681935,19.066976850239755,3.5097359798160017,0.8305620270355727,90,76.2081507784701,6,4,médio
28.994362910538698,29.066182507178716,63.51640677724725,3.12120118191129,0.3283427944349605,67,51.91971677597801,9,6,alto
14.932347874116694,6.3599615793027535,38.91862125859383,1.4611158887992608,0.23139413894263736,73,988.8053406285479,7,1,alto
38.07689432639139,91.85138325090247,26.723643873596767,3.5162708845251,0.877241565000449,102,2352.5495567430853,3,2,médio
12.60927252879198,27.580374112199223,8.545679437119249,0.15485621777822842,0.7634431335103334,96,2178.3933530805193,11,3,baixo
44.541042781018106,65.84236592472928,19.107612832288552,0.7067256223445209,0.22304358461860238,101,1278.6070847940575,11,1,médio
37.02856692538301,68.59668828908386,75.9424937404787,10.883710736774198,0.36378059736092283,7,1413.0659529270768,12,4,médio
16.955048853696034,59.900667537153716,24.407974945562128,6.965180519044271,0.3150781290077991,48,14.833741865141192,5,2,baixo
10.193274099326084,33.16166547922834,13.508743149362825,2.7484248895985894,0.04909567867143391,23,538.7528895844138,9,3,médio
38.5411499959192,29.39866283876592,36.85382333239946,3.640249914363221,0.8578193238132591,102,61.93531733595936,11,3,médio
34.740007034666604,58.79014544324328,24.567019468819893,2.31016845640313,0.3043124312197588,32,1886.3488317384688,10,4,médio
35.515250881434554,82.94860702505224,2.8127400216955323,6.750388222645876,0.775329082637908,104,364.11449006624434,2,2,médio
36.9944621340081,90.2060356031056,25.851617382353382,7.666719087530738,0.08935622768066506,106,2172.617756192042,1,3,médio
12.591562810693162,14.531522396338186,43.528689915157486,7.2044959831273845,0.4478708106372198,18,1608.3107841894705,11,6,baixo
22.546300499049543,18.934575133794787,44.136989761597356,6.411685194408303,-0.07603861487573019,1,573.5466912892833,8,1,alto
14.05541708337954,90.02626329047717,28.524713694151096,1.1439494263208336,0.6642204838423086,54,394.30079270812433,8,2,baixo
40.208619905645776,71.28817055013133,35.78422050020805,2.0622218774700367,0.4809138982462784,10,1569.0617523076328,2,4,médio
31.815434438964527,84.46944423467957,77.24143345878132,3.1729334142303633,0.5255895834697527,98,2252.092450705809,8,3,alto
21.58143086984272,23.236937072180883,30.18787817842493,2.0083091843171252,-0.04827911744534655,16,1795.900547285954,5,2,alto
12.224542260010827,57.882728399846165,20.65814506079864,7.031265086169577,0.1110383302086154,41,871.3666290084441,2,2,baixo
20.884381260048176,68.10256349757262,19.47736352534081,1.9975657131214644,-0.025669127646419848,60,1468.4589881716179,7,2,baixo
21.381416270936146,66.21006969022754,36.62116901633073,0.7438464339050153,0.18891431580381177,2,776.9042384310534,7,1,baixo
35.53621624183224,41.73365217800283,60.76161189735552,2.5461382730644013,0.527439007682151,85,2497.873916946647,3,3,médio
32.31451149743246,6.385540252217763,16.479054735077856,19.538768853561585,0.46618598431737523,34,1872.0979711546279,1,3,baixo
41.05244599017143,57.46334511238368,56.74369017126145,1.2801510193212475,0.5121498216133903,84,1535.954099391884,11,5,alto
26.527522380668227,27.77913852616479,1.6919858679533029,4.735794688947284,0.44925127137789433,88,1058.147856914573,4,4,baixo
14.18579860784056,45.52288215286013,33.51463823871568,2.836742226185258,0.17302879567585935,102,1545.3807256488933,2,2,médio
34.963567552804825,91.18229135754356,62.06920521622295,0.36836492890490136,0.14450749734442522,65,854.0401561683369,4,1,médio
36.62747670159141,40.913178587819125,27.098636461954513,3.3459483953468316,0.03705968353658126,0,72.1620986450769,8,3,alto
29.64470191493237,80.5821445997984,45.098968115631955,6.056066914959851,0.7490708749034921,6,987.7213058915821,2,5,baixo
36.98385129840963,21.9686545174326,16.398338626072864,3.5997147684490405,0.5164793585412445,19,2326.202048949667,1,6,médio
27.282845872753676,65.52144482225259,59.35963129009379,10.28276990790253,0.08651101250405976,42,1565.7527369346647,11,3,médio
28.29564902836979,92.93062589950492,4.1823282615007695,1.7049713446784567,0.07720937982123952,118,209.88925767725402,3,5,baixo
24.963935642549238,14.170379078564311,68.20341159004003,0.450986805004373,0.7730356015261367,5,2212.484033487565,10,7,alto
10.88966943604333,5.748794800447281,15.855710913733452,13.78874580857829,0.6427308637633193,54,672.1871233537871,7,1,médio
13.776199944765656,44.02245133693529,69.95184253666646,2.3756545528065125,0.5593990799053714,99,609.4237327068186,12,3,médio
11.100021499035698,13.336293474623048,28.202339304041388,4.294893853776916,0.3068641075392998,114,742.7274219508021,6,5,alto
32.274364394232315,72.35459147086083,57.81468595795893,7.851161144329294,0.16197556427851753,20,1443.0055903148937,6,3,médio
21.002459337671432,87.3093797463703,25.538023822895077,1.9601315521817293,0.8794507631128238,50,1361.7202335849415,7,2,baixo
27.799974190764598,44.061887543788295,72.47293369877181,6.2968028424749,0.6972395750228002,45,1228.5343865572042,8,7,alto
41.76482658741325,28.284047793989686,10.130970041469949,0.7275505438246312,0.20177922313627647,34,1793.8421587815676,3,2,médio
18.725228020210622,44.09629871059488,14.281583141807896,1.7215707514870981,0.7475647962784947,99,791.3443283373974,3,5,baixo
24.36340230624704,70.1103036065001,39.44241001270419,0.7815771501756118,0.6589319486146815,7,1955.1613039310778,10,3,baixo
36.44428984900671,5.8148745422333885,6.55507512305169,8.33614447155109,0.19708054987799836,113,438.3041959464978,8,3,alto
18.007935792206787,58.050859053622744,15.678414776140954,1.2593179788296116,0.3265528542416397,67,1956.5519726925231,12,4,baixo
12.694296844007756,60.196251639864116,75.50131057696115,6.318676949312758,0.08595344539102664,106,1659.5252631257072,7,3,médio
20.14130085198188,62.39194222063419,78.11917289183097,14.349764006877505,0.011052444378109344,15,1708.0207738689662,10,4,médio
15.642745053890154,26.781987198278948,30.100746346433755,3.751469009547002,0.6227620328396968,66,1203.88349281815,5,6,médio
42.53941783199006,69.2647451040314,73.86288168111486,3.8829612647451803,0.16751185735386662,70,1667.5038317021617,4,1,médio
38.28421328475459,13.225233769859877,43.58597405387454,3.0905099424356477,0.7200593657462536,63,199.49261639864352,6,3,alto
32.16913147786482,22.934330282012073,21.579397269901364,1.9718109467700988,0.8956087115144261,1,2128.877792623418,9,1,alto
40.50112065657012,83.97230419890337,56.19189768644789,3.228027366704496,-0.023380186070351333,0,138.86808371911502,6,2,alto
38.128522691469,71.48508356539097,52.71214452598858,4.616671552008506,0.3730351250837003,57,371.8537746787437,8,5,alto
16.529952061011254,6.237099861021073,79.13002552869867,21.340480713394044,0.7020625593108031,0,1441.9742712430907,1,6,baixo
41.23956494714922,27.35386343328202,21.203782992742664,13.884153278113518,0.6889508965412335,101,1848.5286386417288,12,3,alto
28.876978467047774,24.29658346938481,53.76476021293883,9.908053009878126,0.6599971583309685,114,190.62891086563366,6,1,alto
38.26040543074219,29.37256952332753,4.1619004023557515,10.997008835191718,0.24899493530191094,6,2301.9120353057997,2,7,médio
41.363195497322266,27.280379325189777,9.091683095737553,3.15414169881827,0.3538532556850523,87,2434.0191220017464,3,4,médio
21.130121624015235,10.627366616856117,0.31346999608746096,5.3566054305122535,0.49496835734147027,68,1514.8754325192776,6,4,alto
13.851817358468686,46.30464649371383,79.95685448477386,11.272152936740325,0.8739405835732572,84,1203.1086384420914,2,0,médio
17.97773068896796,70.94601273075486,64.18189577179822,2.4957268958571897,0.2275472709384929,91,1853.4874306993743,4,2,médio
24.94877260191897,59.605855224569275,62.937841178683264,16.31969001594335,0.8231438877168578,17,820.8933808180135,6,3,baixo
38.63051680728726,65.55845017382718,40.77808602305438,2.6874401558190226,0.16935691818049411,87,1233.1610852627662,5,2,alto
40.12557041397202,12.303426068261523,24.005366632435194,4.595005324969715,0.8890744654737046,31,2290.3775670360033,6,3,alto
10.243324568591675,90.63416391591085,12.101142757014074,6.186005900631432,0.5702636868275918,44,2389.138563103834,6,0,baixo
27.8761555902148,80.46426504587224,22.773979107717093,15.038215946160552,0.36351148035855096,32,2317.6727901279623,8,3,baixo
24.609385110207263,77.45812866460965,30.07769775433113,1.4026470627906105,0.5133904280636049,73,656.1201674096004,9,3,médio
17.77377336647556,79.06854245375908,60.504807758423524,6.854684036600084,0.1725311690402068,72,581.1726005419085,5,5,médio
14.195287856678899,88.94394573194852,43.17294311225219,3.678348790261332,0.1741738575114666,48,744.1612648232857,6,2,baixo
21.81653099912698,53.982856950232794,6.198690124438615,1.5636808794348587,0.013554543843493833,32,1103.2777809711506,6,0,baixo
43.00183963693817,23.02538160808633,1.4423207167129792,7.494110048151904,0.014050297705398757,96,785.418531979909,6,1,alto
21.312102620726435,60.5105247067287,8.186574362725052,4.017291653990686,0.24767174146891133,70,935.5319893476449,2,3,baixo
28.157671761017813,71.85933443011452,32.83989709579035,5.408389746806027,0.6628554778963717,67,1551.5923803018989,4,2,médio
34.60566356133123,71.41256540186228,74.65543336392146,1.9496894233014848,0.5079711675981625,27,1906.3141927349398,1,5,alto
22.727036083275287,51.93041217501921,50.99219849673773,3.281896903504953,0.0025845603310208076,86,1838.8954956697926,12,3,médio
44.012372895233625,11.161284740022026,64.14607199004121,4.8032282756280305,0.752236524975911,52,2036.05891769788,1,3,alto
43.68565532297389,38.4001644587115,37.30996756036389,2.5952199634286637,0.5013676269900664,95,80.46100803850543,1,5,alto
18.812380353887747,87.86899476170215,28.933286655603425,1.1055564628063197,0.8608555767847798,43,119.3344741968902,7,2,baixo
27.40369770623349,57.60040187816834,8.672029817329818,16.30376431564566,0.5701854674112076,79,1973.4574017215734,1,2,baixo
20.53074084358694,53.44987489301421,70.07464177489639,3.581746807414849,0.075174863704181,109,1332.6970558115797,6,2,alto
19.969417303211365,29.196816294397415,62.652802322232226,6.619798275894869,0.3737833623078223,54,1445.3516844053008,2,2,alto
11.291043157408648,38.1604027924921,13.449447807818009,2.6470461171183564,0.5484975975472042,9,131.46715053594272,6,3,baixo
31.33475168929639,85.58114802378523,40.980845110100844,2.1935463418331955,-0.07173529895002231,13,638.2845029281773,6,2,baixo
27.59376581301015,64.98167427741521,38.98998463369959,2.614189907779208,-0.08508973584519211,102,1595.8857622136943,12,5,médio
11.801756293749627,75.86483240770995,50.00732421492229,2.6313602377246186,0.029403000598567902,35,2147.95472527669,11,4,baixo
19.752626248281402,45.89108807608896,75.6949515193009,3.928287692990296,0.15166443504547075,33,2292.4584929535063,3,1,baixo
41.78930600883288,61.722249751054214,46.38171534099837,3.9205028944687963,0.32954912352067556,87,1251.0487395877044,8,3,alto
18.384666173344037,27.35452478688868,43.217381342289485,3.4373547631583494,0.3874404737597884,17,1363.685581845494,11,3,baixo
15.071320523192808,68.49147472551377,4.0258346347731155,0.7238907760777274,0.03802760893789678,15,2082.624077672477,4,3,baixo
27.130846609714705,43.48412003330036,5.032598081441915,3.4266439052769093,0.5733915791158308,104,1344.0615018683866,7,1,médio
44.497765893871026,44.8290963333271,14.987743306143111,0.9262526126704985,0.49613806169653485,36,1292.1463138432935,4,3,médio
18.471934502902513,63.43900921191935,2.5976617353398623,0.6741513864548951,0.1944640988411602,40,2262.710094402384,1,2,baixo
33.52474415920575,89.2652559322034,59.468231645600994,13.488943950214942,-0.086340116564708,24,1974.8318026397003,6,6,médio
36.65668653650512,10.760571194775883,57.86642431951705,4.643714865472549,-0.022352084646709264,7,2272.6813159032363,5,4,alto
18.317314039733986,79.22689136123068,10.884498754531435,5.386554779734102,0.29169477551083944,87,545.6176369528845,9,3,baixo
35.487572201415084,31.31447993709738,66.88631206362247,2.569097758271561,0.053974351165683915,83,1310.9387166383917,9,1,alto
22.87240964517386,44.95275090557401,12.382882787688958,11.983429077751232,0.27681960614797085,111,2106.180321483395,12,5,baixo
32.13070407077528,6.972199589750806,24.094046959788706,5.079595339268406,0.5281826045103551,93,277.86956866777234,11,5,alto
32.17353987663131,32.094147005088175,19.9181519329092,7.330366024387256,0.44723742787928356,83,1986.6553857349045,8,6,alto
28.752113942616546,50.236811836711745,29.78456788584382,2.2987813187187447,0.13117588313739423,17,457.43345853717364,7,5,médio
13.16014195190429,10.055846961269511,20.37310127119695,16.09586444732828,0.2438224912587524,67,2020.296887463303,2,5,baixo
39.23558734562333,49.19861564448486,39.11607411507617,8.586822202948003,0.5140311984486506,47,1530.0023438921703,8,2,alto
21.227302274010754,88.43995659725846,32.59263050837483,9.618978632550595,0.7608550280434487,99,483.08997871216786,3,4,baixo
16.5281478639949,14.48538962970247,78.92555926234613,0.9448838730995657,0.6532134387388773,69,1183.3854483320029,6,4,alto
11.427129954416737,73.7996655267954,4.474108010258053,1.5801553946727787,0.45340002683341496,66,1704.762916151929,10,2,baixo
30.681253011588463,41.87039480383934,11.37451011098813,1.681747418563337,0.2622929983164862,17,1584.632252208856,7,3,médio
33.71475266447989,63.96563430719042,4.226071512688199,1.5797851621531753,0.26505127754180546,110,1068.117990579261,12,5,médio
10.580574012474965,28.42129381867064,50.067295598590064,9.669202084691792,0.7794173102643961,103,2248.4163223023174,6,0,baixo
27.923257040474834,19.354303628722246,4.3607421930975665,0.16202092786403208,-0.060756423959453604,17,1298.1585362196108,5,3,alto
17.92735213192783,19.44163528441038,66.91517899008987,0.39575713189288975,0.887982644420261,55,1264.668246321721,4,1,alto
32.58104766433075,11.344275107883018,40.955090454554224,1.6004400647300043,0.5643754108515623,22,155.62647485363567,2,3,alto
16.1028250151747,21.708203441111873,42.1606099665227,1.1149239111524616,0.5811376990723905,34,2305.3009744940928,9,1,alto
34.182820833586305,64.77974464900714,44.92756061697554,1.3189138405797765,-0.06200216269525785,5,442.7914216959325,7,2,alto
23.53573712051881,84.35215506591572,13.665096504496859,7.996031899007809,0.5055292748912722,117,1320.8617335913855,7,4,baixo
42.78554960578571,78.27131170320456,15.815224249159003,4.140559071972652,0.384778060090447,25,2008.9190035007753,4,3,baixo
14.813233045109763,66.66208788870357,25.505385829840375,0.028936879463638376,0.005778906894066987,84,538.6331923891083,5,3,médio
21.93732228675905,14.93886770699924,47.47971326574812,2.8046574653915113,0.17792201076935907,60,1318.4332249271029,6,2,alto
13.971573243420618,31.026870166635486,16.809422075217164,2.6202714133359923,0.7903144562136513,87,601.7122730583521,12,2,baixo
42.3642766397497,32.88261877902221,9.306538170660899,0.6048827882447572,0.44998841586595295,14,1899.2374944997794,11,4,médio
40.70687736833433,27.49612517578591,77.60935091347457,5.637247390566545,0.31341657517390875,90,1410.8529196828767,12,1,alto
19.027956970030445,51.35050937387508,1.758545184769833,6.054939905860646,-0.02731784415918906,31,2139.939650987859,2,4,médio
33.09944161119627,53.199843339170535,64.21579242688173,6.3808042148519455,0.6141215274023056,11,2236.3950071934573,4,2,médio
38.602777007042555,37.11973776539992,63.042811966001764,6.518430654083177,0.6028508233960326,4,1621.8337061134953,4,2,alto
29.432028405981182,36.84102428627924,23.777129107607678,0.0002641416384416606,0.5140436069725636,63,1813.478115397361,12,3,baixo
28.537770242460226,79.57000381154732,10.850129280585072,15.386968536684924,0.41026264622064923,70,1373.0502497171592,4,2,baixo
18.464830181515808,76.0363563487717,11.650291736433873,8.41565819577594,0.3337844022073727,85,961.0718326684572,7,4,baixo
13.258596873206471,32.70162485126711,55.7945293789754,11.716082225797155,0.4932710929879923,26,1620.2948075520865,7,0,baixo
41.40255152836644,87.24095994859334,51.42452728689389,0.0788347142499752,0.1333954517284067,78,2270.7215587183223,7,1,alto
41.51463200071657,90.75335153022554,62.619653940110936,13.579816822723178,0.8412590641776477,102,1041.700951078595,7,5,médio
32.15855100456437,34.40682878270367,74.99849379192837,8.298094094249576,0.4887945291802296,44,786.0250659344883,2,3,médio
21.866042686704525,36.89824539137494,55.35418906132736,9.076752090344172,0.21119244435437654,34,971.0923463814353,5,3,alto
22.22233511144313,50.5070738079763,12.468122924115477,0.48964865514422745,0.3496798508851573,25,1088.494075528999,10,1,baixo
35.40844876045838,89.70087312803062,19.475409341232854,6.711923845927728,0.7056847888768923,22,183.90257244429054,2,1,baixo
41.398859098340196,83.86874898280804,67.37549846984916,16.08397615928,0.061616060730297434,12,1246.104601087486,5,4,médio
41.0480248492791,14.231116632523083,16.744486066736684,5.674524989182576,0.1928356224602604,89,1235.785620125149,12,4,médio
37.295644105016834,40.345766894427456,5.801785356358513,4.2263825773637995,0.5795080227365554,2,1471.109569101308,6,6,alto
32.47110761540007,54.80340707747946,56.26240432338004,14.559684104208163,0.2154892064822239,28,907.0500761783287,3,1,baixo
12.94489877482671,50.28192252963861,32.202108439211365,2.925385790276509,0.692501681861466,65,1532.7689898889744,6,2,baixo
15.657004993311482,22.44767611432034,73.60320420367229,4.572631026716765,0.030453487177360822,63,2195.5407756855075,5,8,alto
41.44939659844778,82.29350940513392,52.020405687492925,3.234547007105441,0.6626861704546085,27,2388.6774762379105,4,2,médio
31.225017088085647,65.92467046971535,7.23351822333286,13.503850429849283,-0.03164828514943377,86,1459.030540352624,10,4,médio
10.321896806582037,80.41175373666232,75.82852538029286,0.395674535892102,-0.08740738733250522,35,106.47738492578273,9,5,médio
13.551504000311123,82.2887851414525,20.68458109121967,3.4769454671014506,0.7982235188321621,112,2423.0899931677723,11,3,baixo
33.22256191878195,72.35202682991658,26.976999232502862,5.807000777644524,0.48133921693229864,5,1764.6551522406405,8,4,baixo
10.177155434617655,44.52895411247456,32.180833094683365,7.848839828464314,0.2518268970868115,10,839.9091213841303,12,2,baixo
15.628281799612452,59.94920795138821,4.09794371234506,4.373568881373366,0.1325946369638504,37,367.8942524093085,7,1,baixo
29.205682627830516,19.432886550776885,39.721233778448386,11.979961349966722,0.5168857832608161,117,358.5465305906874,11,2,médio
34.21633191924427,65.62808757274169,9.86547928602338,14.23582405894265,0.40900218353673823,33,419.36101534900683,1,1,baixo
32.81864408259102,21.132793016535267,32.077626135068144,0.33240455547980696,0.8915977755299852,80,113.93130403455076,9,3,alto
17.849425831119593,67.45546314591411,28.056783039366742,2.5739217421121645,0.8832159866537458,66,2255.385471632279,9,0,baixo
34.92627274716375,25.66383446785718,61.82720667412027,0.11869282551311909,0.5350245661416096,107,1351.9205820683408,6,6,alto
18.303718062388,15.579617013519798,64.25364093061849,1.9980364238353923,0.34287050610589054,45,1749.898531784593,7,3,alto
21.38898943557437,19.87560411286617,12.273030591127041,3.8487181949046487,0.3911409691346621,97,2070.271273170769,3,2,médio
36.12719917913084,5.179292169716324,29.324094990338097,12.084087040814957,0.582479066236862,85,1978.8525158330006,5,5,alto
32.73715146665251,69.68656560681772,29.868252882546535,9.372043334361457,0.0015745442353813643,28,2206.514059322104,7,6,médio
39.722819367296225,70.91609441525412,12.112835514886804,0.6819615581783676,0.22835207381071818,59,2418.1365563123795,1,2,médio
33.01645123051202,51.34400149219335,63.87628040409524,0.48823159334007704,-0.02472775899639615,53,1097.6765368548488,12,2,médio
29.890801116741507,19.522652094984533,56.578266266833865,4.449063676941362,-0.026639240483080445,92,2375.838666670976,1,4,alto
13.278616873983236,12.519890375962078,15.230542903762778,3.7976954637242355,0.09583924189423373,68,1808.224870857041,5,3,médio
22.870053107080174,6.721606979355831,29.337752687503922,1.5488044031406434,0.3852532545932269,73,176.6704757701962,9,2,alto
19.282082868860392,19.917335926869864,8.464401988521137,11.48565420024942,0.6847743211627894,73,1704.4578030308635,7,3,médio
18.539637518267924,85.17699814848321,50.256527767443515,13.11163892280829,0.3854958911658726,116,1716.7916490121215,1,4,baixo
44.055369416335594,26.738315753151358,9.709753963889574,2.5759376012673627,0.23547661056086974,8,2264.651409481318,12,1,baixo
23.758420363336615,36.88441944954941,78.87473348999342,11.050146110160366,-0.01764700966324187,84,932.3303311752301,5,1,alto
41.22162943119896,14.481093603319987,62.454565975028984,2.422126775155586,0.4502955231831296,76,1462.2787506795446,8,2,alto
32.0898519099042,25.012517427335325,31.219083966719605,6.674525161483274,0.17126858648317675,9,30.468877529356288,8,8,alto
37.8183956239577,51.73021137021846,46.285114582348356,3.230766644425504,0.5149341779171475,101,830.18810545334,12,6,alto
27.592298258681723,59.697741478608734,72.9073452973127,0.6538654669148859,0.8771877391324183,74,155.60931539695233,2,3,médio
30.191635961922568,27.081708274958995,44.32794243166609,13.150878527922805,0.011314321477550154,67,1304.6824319122425,7,7,alto
27.238119283660236,10.195894330260549,13.959878911836414,3.026566149178444,0.11212539872193991,57,2043.619126267383,10,4,alto
16.83350457293156,40.19295822146588,30.296268446492746,6.630458135732158,0.37309453809937476,109,516.1067303226724,5,3,médio
35.28582403415268,26.078303383370073,67.45158920237964,2.2877974145165916,0.8686138153459295,94,1318.6026138944462,9,5,alto
19.827032685429952,24.759853090682174,51.53704127916943,0.09530699111048097,0.6718097762699956,112,510.02159127691766,3,6,médio
10.851058825100884,91.38765224421097,52.05795074670402,0.5297498839564118,0.7982291931628301,51,301.72116961560107,1,3,baixo
32.59153035675087,60.467043733315165,69.34571885507913,3.42807290468021,0.2337148484757929,33,1277.491979835856,4,3,médio
16.198873779246714,55.11905988548863,71.51784459700038,5.855340055502804,0.8920384737785946,105,197.8715523743191,7,3,alto
42.916050452352,42.41975931709897,73.5834057423549,2.0378515618268973,0.0028328160641573896,34,1468.3865778449733,1,3,alto
43.38750019509056,43.60499000871298,7.587935460252488,5.945231458279951,-0.047027093953899174,102,78.34365169181568,2,2,médio
42.0202536577157,53.68145034542727,43.530080157048076,5.997175400798885,0.7556026270540281,102,266.7874296709388,5,2,alto
22.95555450894055,67.67868263324965,59.24076169746549,6.085896593996464,0.8272648702069862,32,1374.9937137183945,9,2,médio
10.54098157851036,68.19314865636466,60.5541476101611,3.3915081555138507,-0.009414642453898253,71,1478.5185322472846,1,2,médio
42.49114969057039,20.45245169349046,48.53729615760031,12.318827541832121,0.013427426745841492,31,72.46732523439519,12,1,alto
24.986445191106,50.01014768689643,13.342986814693933,3.3588516902550563,-0.06682584224422619,54,1433.4419700038961,4,6,médio
43.832918666528435,42.07622855306918,63.79364431533315,2.991596435154196,0.004507562642724089,96,2096.2563133090925,12,4,alto
43.726699198123846,83.34742696424458,57.608906681195656,1.1118493722132163,0.10941981680028087,7,1805.7904432348848,3,2,baixo
39.85533094135761,61.82770290965387,6.890861723922903,1.83835509431483,0.870076618910001,45,327.9627598019966,5,2,alto
20.305711222435498,52.92536597743836,37.1047859739501,0.2162835954902101,0.5678602222396805,13,1481.1866189090372,5,1,baixo
23.478420501067383,15.385517796102564,13.918191961744286,5.019265306908135,0.6785530255185421,97,1680.6312501855336,10,3,alto
39.78978350308999,59.50741003910703,26.99816365703775,1.4286581718142815,0.6761394036915221,7,93.07800438072944,2,3,médio
21.09227018046972,15.548351511221007,1.4464873764548347,1.8131435516013774,0.43507374977921465,114,2138.3691717090564,5,3,alto
15.932246134013237,35.34859180091769,32.02638947286066,7.366118270977675,0.6974889777130172,105,2265.6684932245753,9,4,baixo
29.488044186042256,17.855776833289866,43.99015369249683,1.9816932794925708,0.49580753238996966,70,2126.1306834056463,5,6,alto
42.765417095627335,67.28662823219321,49.56660742616695,1.3866517973713761,0.2145460976033576,76,2061.5786699727832,11,2,médio
34.36104288362405,23.562690245253734,53.079227610296805,0.9259749004192124,0.46111010876840075,53,1862.412996152233,10,2,alto
29.952140953127774,40.26734358692234,66.9033050481968,7.455128755415215,0.4335085861345135,20,1583.5800782049002,2,2,médio
13.4011772819769,85.61072998569009,17.237032582058404,0.6946224491249249,0.7234530537593207,110,1696.5675124706297,7,4,baixo
31.52525293447094,23.388474505907325,9.638545795077436,3.0234270817476894,0.881727217381659,95,2015.9882333374576,6,1,alto
44.65188475364921,50.70245575629012,68.12297375183405,3.53552181303225,0.31104256542093056,74,1656.2461459032615,7,3,alto
14.90294053327834,42.73444950494198,12.529025191411991,5.813992962178942,0.6633906784413597,13,819.3173917051774,8,4,baixo
28.141537832730787,6.631163694115676,77.98080650689562,5.015830804157443,-0.0002369959618664652,74,939.9027554033848,10,4,alto
40.70805751747844,76.34823022155315,67.40305835189096,8.322657170238827,0.6768313694482886,1,2242.6436709307304,5,5,médio
35.92690162139716,11.214131568313976,40.07012847116793,0.2289184687836961,0.27141691199323215,97,42.80521449290475,2,3,alto
34.395550934834375,47.682951887925825,78.51371399376202,1.7580157418929143,-0.06060983711031334,60,1747.051453110705,7,2,alto
34.58694293954882,55.46104654450549,7.790138328640337,1.643451802002478,0.26324617856217725,107,2386.9438810630386,7,2,alto
22.58219029269143,61.55838109531284,24.245260894008133,0.7892194058240426,0.5106427509216448,110,1765.5704248949341,8,4,médio
20.275714549257266,66.9768466377088,51.057953203248914,1.7066679463520842,0.019250167681466562,16,2484.779970579455,7,2,baixo
38.327640441747974,27.79451451704436,28.0005494778543,1.853618073947295,0.8240344924302546,77,1718.862263820827,10,4,alto
38.35396881377133,5.898089899260444,74.26980415846334,3.689514321246983,-0.022327586727161425,88,85.90757304215269,7,0,alto
40.34753115030363,70.10992961194208,5.250087054225405,5.448824892854885,0.8300067198331662,47,2067.524704117309,9,2,médio
41.963419339476495,53.20909394128207,43.952946564877166,2.3990620005784122,0.6071375179356865,90,711.5747798482977,8,2,alto
27.896983960132822,80.25059328865238,47.26930139160916,6.3553771621272945,0.2297121754142036,7,1115.1430641611023,2,3,baixo
27.553070314051986,78.92495266106249,52.21824990217793,2.048610821986137,0.29075034770909325,55,780.2297897677051,2,0,baixo
37.94033126383713,80.89935510090949,20.453297866545157,1.714449671500494,0.6408093647327442,16,671.3852655241986,7,3,baixo
32.74873757722178,48.65851939815862,29.165314201589155,3.895574303121259,0.5014711008812074,68,1078.5142591744634,10,4,alto
34.56884070401962,35.02655562531791,67.49444237319821,0.12001060174226591,0.5716429214549452,11,946.8786211016844,11,3,médio
37.85274343026354,76.2402382332233,15.595421517612786,0.41576210881567216,0.28916461651348,37,1583.3464546064736,10,6,alto
41.15018696361482,45.616470172632944,66.14942777386896,2.7061625100627795,0.387813481807599,17,2032.8780024687765,3,2,médio
21.829830489803754,21.509797676309105,45.01243383221939,14.315869017104198,0.8898674840378934,25,742.7216329681019,1,5,baixo
23.14540334239804,81.9476617605327,60.97500089552657,6.391897589861414,0.1139228704997177,94,534.3028820550436,9,4,médio
13.289367894430415,84.43038890951125,57.088589301077725,0.4612704044303475,0.31785618652213143,36,1667.2381771758558,3,1,baixo
30.23980493486609,46.96787805261531,16.600919630790322,9.364349148578787,0.1918231875739673,69,1675.800164576954,1,6,baixo
11.257979582885973,11.812975457880873,45.50501891470983,6.589456035429882,0.6651115104398498,40,2252.8280982154292,6,4,baixo
26.295930634636104,39.90434809252381,69.4178522244074,4.7201923937563315,0.6640126256657207,78,39.86421613327712,4,5,alto
28.992562214765183,77.31838935163431,34.56929894415435,8.582136564723575,0.19244546099739587,41,2132.6016552912747,1,3,baixo
20.028943824489954,86.15966256916059,77.32726161786533,2.588494685986001,-0.0186096833670171,112,1302.5054323708923,4,3,baixo
30.679164119915377,23.312546824783624,36.17720800813744,1.2519381877668943,-0.08856732332779596,89,1553.255222930247,8,2,alto
11.06750874786673,11.027625082274437,11.422850933430775,3.587439013895766,0.3274505332424855,114,228.42860140353693,11,3,baixo
11.307186606222505,83.96154078195548,31.15477440621386,3.979685632529736,0.3103375943357709,75,1081.5373321801142,7,3,baixo
38.79101962308804,40.04644450809877,76.13619251124297,3.8644853523179963,0.888389878639863,40,568.2560180963095,12,1,alto
22.606672449394203,53.758486784080695,25.57766794718834,4.1628944893482265,0.36980207569767964,46,635.5625752062726,1,6,baixo
14.447117942815968,92.1259230845683,69.44785278936503,14.850802017551125,0.15641836957542063,13,1260.2377866900686,10,1,baixo
28.27851410191815,10.990825512280058,70.50005453455118,11.626486523049788,0.7912294410314674,0,2031.139876007781,12,2,baixo
36.94977435845138,63.348620670688604,28.014921946556886,10.425971749333051,0.3910679496535785,16,1859.4523253621403,9,5,médio
17.55373596238951,11.669488031738037,6.66061264405057,8.082735890132374,0.49917563521057784,96,1477.4998977148846,6,2,médio
31.80116665366501,38.79220356198503,57.96463273270546,14.36121505955029,-0.004331289571787328,54,1348.5454818836677,2,5,alto
12.98716127478188,77.3433090674102,24.920983921118882,0.5184464628659138,0.2829164073297741,92,1068.265108086225,3,2,baixo
11.80886024090127,44.012500948007094,62.63388914060579,1.5402624824011315,0.8442236744737868,52,2431.774933903466,7,2,médio
28.59741210488518,94.74641185126553,35.41238786083465,3.4165381965907256,0.48950538417542544,117,1400.4813855855832,3,2,baixo
28.922229256353727,55.315335645194196,38.82133938740972,9.371397240539128,0.24450185514246167,108,634.9159957805552,3,2,médio
32.31004655243723,33.904593737235814,62.232752539882945,3.517661716073397,0.5256671806315931,30,575.2269801000989,5,2,alto
35.413196680293154,24.81001933142778,30.589066484930232,6.892320277518183,0.8104110895781161,61,1528.3825769378545,3,2,médio
44.15482278118871,36.54684808575456,35.450187625833166,0.7480710399174813,0.17399060047259005,7,1307.068818277322,3,2,médio
28.070512190541837,38.52799463835957,30.09523750156977,1.4545283999903302,0.40511671847067443,29,19.24450738678196,11,2,médio
21.303476552943607,11.184230995156488,29.387241222182396,6.579665905008122,0.8586906539117554,76,2075.1634304894483,5,3,alto
37.831516816904625,38.261677948409584,42.07572615211675,0.9000252631400008,0.07239614329845265,79,1760.3058855810866,5,2,alto
19.479128794172595,46.781466776530245,64.70395556009206,2.1643557412379404,0.6196639255967116,65,1654.5732241952587,12,1,baixo
25.363999724697265,70.04639770149242,28.94146495380527,1.5385141708199983,0.5144810082029824,44,171.9516442441474,9,1,médio
12.745973346979309,64.10565362494472,41.940377643018934,2.152850803036219,0.5796751311406348,17,905.1396254312285,1,1,baixo
10.887276019541012,68.78890897062388,53.658186035408065,6.16055925033289,0.2512196306675697,98,2338.4556518319655,1,6,médio
43.692694513727375,5.752731368917139,21.555155704292403,2.29312056037715,0.21387937348376493,44,2156.4731033534094,11,3,alto
39.25930421792721,24.590065962248243,22.201824392191405,4.0513645407923775,0.5842096705883705,18,713.8573446738336,9,1,alto
34.359097213279426,64.5515859559871,74.67305016187639,0.5264241318028319,0.11554328510454534,76,392.6472102478468,5,4,alto
24.313353054499444,48.559043136177245,57.88276586648709,8.17423229535785,0.31965474485900514,114,1122.7198929214428,4,4,médio
16.065301202479603,5.478212810151135,46.17493409786471,2.3092934526780686,0.088174646052918,67,889.5759466691521,2,2,médio
15.475296493488012,77.40451781886401,51.81760435364896,5.228213766014843,-0.09169515887667026,82,1705.5659417649777,12,6,baixo
18.758501435760834,74.55286159613037,2.3439554482734692,6.462009595734153,0.8700573600380694,49,2416.0870252107993,9,4,baixo
29.222933264714218,54.357724669420634,49.44823724493575,1.1764660654478938,0.33170297865641907,24,907.5036249564037,6,1,médio
35.01085729450218,10.981699319864491,40.76070985793615,10.800004595332753,0.8693496144198253,37,155.56043163060502,9,6,alto
33.106908185120595,73.98635445793262,43.659974382354854,4.7884844277096,0.04032351976782608,114,2244.035020855963,5,3,alto
19.797686393108002,57.53422289582276,28.75390614646537,2.799424110934922,0.4873667794574861,94,94.87432559967701,4,2,baixo
43.420284823211794,75.37639794421632,6.517911817035351,1.006513931147411,0.10097403279123959,35,2381.9147428833326,7,2,médio
35.826392084351895,72.65722931562564,15.467138688964175,14.262571801935692,0.6900741269632747,67,1661.4485700225996,5,2,baixo
29.402391837899025,77.27018647620534,76.05957705701374,7.033877457021011,0.6837029887609752,55,2354.2230211048727,8,4,alto
31.410226118202328,51.62072597641623,32.69596498167472,1.1661245060036163,0.012607149039311788,38,499.14921662244564,8,4,alto
24.686002184972647,17.62920663741635,37.33465246646914,2.060264611347535,0.8120644528763892,62,101.74948813451905,2,3,médio
18.67058463254051,65.40417260417198,4.216783188275119,8.295091218328505,0.09462964720322461,6,1220.5249456912295,5,5,baixo
22.459043752794155,60.84264065467735,3.005298363518447,5.94833910472898,0.5129773415893604,118,1126.5585364253132,10,2,baixo
36.52461386625292,71.80278684791784,57.37451576374062,7.257563811219575,0.8856336200877041,57,828.730683137207,8,2,alto
10.503772102041456,20.289290544566178,43.0475731296889,2.9098281203268184,0.7823965347663638,79,2394.1411859717437,3,4,médio
14.062542417742069,22.54776799102603,40.696478737301334,6.3022971483110135,0.856563928561169,58,2056.4593304035807,7,3,médio
11.610092470761346,85.13685654973956,19.449962433813496,2.4428239160142597,0.24259877121811943,47,1653.9550534389832,3,3,baixo
11.425508081163954,72.49800186068637,59.58005853039378,1.1866112086381,0.005575642219463356,4,407.14572909456933,6,3,baixo
39.94112044038525,86.74056398302906,13.45892632867935,5.00756901928339,0.0883468732894501,110,1835.8085205463117,2,3,baixo
34.62802507830083,73.28437890475287,15.194779492881603,18.65140925158879,0.40049489507661384,86,1817.53113674931,6,3,médio
26.59608401805638,58.743977539127165,36.85697370786204,1.8596751697246958,0.6932296782733222,35,1062.6704340400186,6,3,médio
13.424195622785051,63.87194633250863,22.90238896895527,3.089916472371617,0.05015364418387522,95,2311.9647742850343,8,3,baixo
27.20655562908913,85.0215131546009,19.79703849865171,5.604310516800104,0.5597315322607571,87,417.4447055725261,5,2,baixo
26.571511977319798,57.09260790607465,51.61901156426653,3.8990434442309816,0.22357760403951185,24,668.3439060291607,1,2,baixo
16.062065446850532,61.91521918955487,52.07773961748356,9.27119003064378,0.2412020723921535,44,158.06084812658412,8,2,baixo
25.184807723329058,19.08290444032405,65.96136558399434,7.172020619933814,0.5619177301579263,91,1988.6273954439687,12,3,alto
23.947665703908072,47.652909810449245,33.41668535783807,0.30032778612962174,0.36699941953322024,18,1554.3984652384931,9,3,médio
31.554753431827578,69.4757400762289,5.846807282092019,32.255558507343856,0.7120332930259939,6,787.3507642031238,1,5,baixo
32.228277780367534,29.384842848472886,21.893310793716616,6.979753241174019,0.05591850966282705,107,409.53415898578845,5,3,alto
11.585640342021557,23.202876247208142,78.40043705574536,9.971948681102543,0.6899482697670385,57,100.36942507185093,12,2,médio
23.111441511926493,33.244412740197404,47.70068601861617,5.2662501380457645,-0.03576475194257914,104,416.86392156484146,6,5,alto
31.905097049998272,26.73505651935501,56.77896678408162,9.699619990943033,0.09405388024560499,80,1133.2116158441454,4,1,médio
27.60976905030307,24.342137333275627,0.5886263700331629,0.5960745354498701,0.5561497145031654,65,617.9424225265154,11,2,médio
39.97714444159128,43.23657585812782,41.45645857460167,2.1365435258632717,0.7549256565110712,79,647.4554435799168,2,5,médio
33.05427710666308,86.70546624951807,3.00229260254425,10.454370974772704,0.15267962773934904,38,2188.940916669286,5,3,baixo
15.70270494785004,50.63536820648464,45.53841696731584,1.1260735438220577,0.22719160582891293,17,1287.8441836527516,4,2,baixo
12.469906159015045,21.912834273379072,73.66166797088603,0.4073633485522652,0.43712074828673997,102,1823.1299328210366,7,3,alto
32.48467473722104,11.927450244278667,77.47353044003263,7.758650996139938,0.11157280648930232,0,89.27737257035773,6,2,alto
10.927895868956764,67.65405306241327,43.244214031113934,9.0238027604743,0.7111562615875057,62,912.9083891950718,3,2,baixo
30.502145344571215,39.451888799274904,36.656384420177275,0.8875789243228648,0.6736366450057608,2,1197.9233684886046,9,3,médio
42.908058449873515,78.96478519268233,75.60136753987952,9.632606073253,0.045291711965781606,20,466.0421380254617,4,2,médio
30.141596225655764,64.35596917766932,53.88878655973561,5.804052481938317,0.36382973181663214,29,300.4788536138467,11,6,médio
23.58594741722827,76.66173054872317,5.191942363072757,3.6707072330965325,0.6748277666546214,10,2175.7594462496063,5,2,baixo
32.51508764548236,29.475143547660387,37.25804621339981,8.867148241111193,0.2373295311034148,21,2348.5790677494915,3,4,alto
26.03885116720308,67.31230302149524,19.219601477144312,2.717168073631411,0.5331068227177317,110,197.0167451135185,8,2,médio
29.096587626057723,28.76557862243469,37.58434571589453,1.078320190107424,-0.049786878542427276,56,872.5467813561078,11,5,alto
42.95126830717838,89.51616315052624,36.43724576050894,1.6763335540719624,0.508688760529318,88,2395.7140703611844,7,0,alto
23.513592323027098,62.273685338003695,46.571584225179365,3.5176446070476066,0.052652980000607,2,207.9043328311622,11,3,baixo
43.641669733837,34.20606201578079,28.5416392279401,3.7892903712779358,0.7305833251144513,29,1609.1034321968157,11,2,baixo
41.68727246846223,29.256067606304537,13.141635956474245,8.188693812009186,0.2554494635804785,87,2430.553427417514,7,2,alto
16.852689717625374,22.183392656447914,40.2975547671965,7.835550628596863,0.1815538627281957,44,2445.559171453436,8,2,alto
12.427645530630791,67.5176863004355,66.41623074766096,4.353797900756705,0.740888976711485,35,1178.058327259358,7,2,baixo
13.527230048209933,24.684405169813456,53.12097824540818,7.588522502893139,-0.0498559769281898,86,406.8727694559515,3,2,médio
10.637763897804241,58.57729393347402,27.069429274017267,1.0645644317969796,0.2966087993343448,117,505.2107874435971,3,2,baixo
13.305503626457494,28.81715242328216,74.84184182070858,0.2568060997526933,0.2700035405750314,71,2224.0034878109864,2,3,médio
33.90523706957249,64.57720503144817,72.97660569993457,10.34285708605844,0.18480037424955084,63,2279.20751082434,1,2,médio
12.491602696108014,78.34457556864852,16.7478719507279,0.39280586964917313,0.8117543320014771,53,1519.699109683887,5,3,baixo
21.164147060281646,75.02227188301879,3.153406809629038,1.4163818242095796,0.6509283935167223,67,1915.4409986747783,12,5,baixo
39.570635883930905,73.47661978377036,59.30469666806098,5.94244893005998,-0.03607683580806123,49,1849.8281286760205,4,3,médio
10.814517750753906,21.895016512302686,66.20882090793226,2.633487403194855,0.6146874494349541,102,1654.5539949727674,11,0,médio
38.50639689061275,12.954645228606683,77.42916527610842,10.450044698985826,0.427299133128794,106,2068.1923871798476,2,3,médio
19.864917117068998,67.9053945638647,71.18691152706486,1.7689654641907773,0.8008678944015792,30,1713.5165576008026,1,3,baixo
14.135768966757968,38.15124924149162,48.04278145651318,0.05971186894962667,0.21294561734835846,28,1335.0057643687483,3,4,baixo
34.38580078774527,43.911160376301254,42.404187136990465,1.7880600611130049,0.47416199960958294,58,592.390906470392,6,5,alto
32.01299963729594,7.803418351405195,2.2272841010069033,4.314639112160237,0.40075527474098604,35,1859.7203602965476,2,2,médio
40.71152047344685,28.361880434754426,19.732515747582227,2.3575307906119,0.38956090622760575,76,1183.5946695956861,10,1,alto
35.727486533136,8.030876348701762,36.76918013863411,3.82722133649392,0.35610539951721265,104,736.9792100187733,7,2,alto
38.121832563469695,84.12671953411228,50.28031200668543,10.461544615891249,0.10562947553228128,72,2004.8656893544385,11,0,médio
19.871210039995727,26.90570148966774,44.58014666547285,12.179728457044707,0.6557099224923928,118,1741.7840008825708,7,3,alto
16.2103840322903,55.160345261570725,59.41087917453524,1.5460545836657942,0.3513360327392887,84,2343.34890781175,11,1,baixo
36.27151630743004,8.508138859501738,22.381354470963267,3.100789278228816,0.8585162750026057,114,413.6041000471943,3,5,médio
38.239215874354244,65.01626521750923,45.19620861219786,3.9830365736736524,0.1608084271927763,66,1622.973211591233,1,3,médio
44.66767997002356,34.07246111786844,7.05137947126337,14.890685589780464,0.5827438396270411,88,610.59867022044,9,2,alto
24.441618691899926,85.81272682618993,33.09324188665656,32.918655148917026,0.8407170796391085,88,2258.9574632541044,11,2,baixo
23.02063300274741,84.93063700406323,60.01286663636808,1.3420596916588172,0.5634583230160926,75,248.7485356415392,5,6,médio
37.17445362596989,34.2761556525573,55.47206827432352,6.491048775905945,0.7712729076173946,92,1640.404516112193,2,4,alto
21.928123908855625,86.08648061214211,79.25141897377432,2.374325633858146,0.7274809597570061,10,1977.7143038200747,8,4,médio
42.57650639612476,94.6541906148901,22.231290079020482,0.04070623543757781,0.26011771548900386,115,887.2946009117679,12,3,baixo
40.044446314505414,79.28740977115532,39.85514393391833,0.04647796450554546,0.5001239399394966,10,2385.345198459523,10,3,médio
25.014790958125644,81.03842129797061,26.362433101919738,3.0861742564112276,0.05626133981135559,112,2126.826711465093,10,1,médio
36.28048737270241,27.41078624981809,35.24824912473398,3.3504249746930177,0.43552588269559955,25,736.5457492122584,4,1,médio
36.40900059296388,56.903215897198066,68.55601038955105,0.11414145253519345,0.1304219718143372,52,18.85273178999669,11,1,médio
13.60933540925764,11.053032257063107,54.73672601507893,5.8066011001788596,0.6437368149524456,13,741.6429402951521,10,0,baixo
41.58935173378484,13.542614313950274,70.59529530780654,1.7407242060498949,0.4280584218921246,63,703.2761761768563,12,3,alto
27.683833035675,94.90033508299615,16.280888666550915,4.10368815261499,0.3112273626316605,79,2224.9115187522725,7,2,médio
38.92601131377096,34.39753244833199,69.86888942731504,1.7899438414649225,0.16879709616697755,119,2417.802945636869,5,2,alto
21.20173603607141,72.33655208439617,4.780981934270754,0.9144144607817135,0.8986984818412869,9,176.09996492565088,3,1,baixo
41.343312997367015,77.59985477241348,71.08794243497219,2.614269526861591,-0.028289479115067323,30,1178.2370713332919,10,3,alto
23.62205875569571,82.22209439065062,26.325902356858233,1.3216077646755227,-0.05643931942757999,94,1370.8299963244895,8,2,baixo
10.379317801810442,94.78654676619409,25.16701067312532,3.826449791690222,0.11725740049386454,35,232.27915332425826,2,1,baixo
41.68836917467423,26.734683673118106,40.96708613589311,1.108401426342196,0.8710724586278197,9,943.7442728438064,1,3,médio
13.195033687514675,8.631574417372974,75.25521501785855,3.550510294500086,0.8792381683199845,25,792.7060434823766,5,7,alto
21.175977315664518,42.00723661951274,3.8225091745124296,0.8561871557476011,0.554927734772136,19,1340.1408858177183,11,1,baixo
43.252168846778176,16.707260284605226,28.178478005659624,5.558103301536516,0.7801066672064048,43,1652.977249329845,4,2,alto
43.271250142814466,7.018330024584961,68.52575909466685,7.0108522992495415,0.11396173084079539,61,1758.7127762414166,11,2,alto
30.070326084315013,37.43841444273375,31.684358194837337,0.5848843711151255,0.8720420941766236,72,341.88755903346885,10,4,alto
32.114302425942974,75.53644259677128,15.93255180776536,3.153702263248783,0.04278485013956465,78,2032.3692548615536,7,3,médio
25.695593269241193,55.95626221025638,33.98353450651294,0.3675422245951779,0.001125188181658271,8,1696.3550744768975,9,3,médio
20.262377009432257,33.150019028931865,30.844200119333543,4.558785690068042,0.01221153924727289,70,2222.687291866799,6,2,médio
21.503259087947058,63.890780494344774,73.23329611733628,1.5353731451138606,0.4731279232725647,89,1123.3401485885852,11,4,médio
33.53814596269635,25.881636227792963,60.95475005944777,3.7499048373062163,0.6809744007180524,23,2234.724406805479,1,6,médio
36.333108530318796,6.294330146487653,40.40924445952051,3.643467759508888,0.2666671778746331,11,2164.4353058901884,8,3,alto
37.7052665304047,73.79180477927846,79.06964533772569,12.908476458686152,0.8778959877861265,59,1096.023330898174,2,5,baixo
37.63663499780939,61.13687763776082,37.22220250207386,3.982362427421189,0.3344201381183295,83,952.8582882324465,4,3,médio
13.192213606704163,73.6072362050864,4.659026465622018,4.373327057152732,0.05044855077321628,119,2332.030037425642,3,3,baixo
27.304710664590353,8.504421501889905,20.981945745198793,2.567923179747418,0.3659667481861367,77,1787.911836346094,6,1,alto
12.01455660058255,80.34076650475869,34.88563841754501,14.887458561849867,0.5790371654224399,85,2320.613366095189,2,4,baixo
29.233510881330744,60.7573580032673,12.552209931689609,7.507087649195223,0.7322257805043787,15,1992.4369472395326,5,2,baixo
25.453567548068193,55.70558156413761,75.80521010592344,1.6801986829340803,0.35876828995659293,28,1523.2435982285358,11,7,médio
41.06964639654049,61.21526433030784,61.347911825421846,9.296218368007683,0.4936068260491675,31,289.63194250941126,9,4,alto
22.28202543932275,82.79899221815276,21.46297603422181,2.831659605380123,0.16734471215885335,82,728.7016814477462,3,2,baixo
14.097345574966205,57.824285590301635,47.26436268143327,8.820735427344793,0.545916526405514,118,2422.106017745979,2,0,baixo
15.004708871849255,57.285534189936136,57.715932568765766,8.65486681877645,0.8859719439503437,34,798.5552467855111,2,4,baixo
36.65287211011153,94.16112413591893,75.30231431254384,1.0466358601601653,-0.05094642741220615,42,233.13717446342696,9,4,alto
31.637632216069136,73.10571503617112,70.53082793403286,6.038919141700845,0.7865306707051678,95,1768.8833897982995,6,3,alto
13.53929366429766,44.80644249060217,41.2153780910571,1.7169815490711118,0.4622825027675228,118,1835.0106363592106,2,3,baixo
12.943738214024911,68.6657300029635,61.972209583441405,1.7654972182726703,0.15209865956229993,52,713.644300717877,3,3,baixo
34.5339196010692,40.03074245226097,44.9715803062068,1.7573573624040386,0.854889710009258,19,744.1799483657594,1,4,baixo
12.546705222746773,25.59879162351491,44.21631120364321,6.465263369677862,0.38335430305889895,114,1172.2324637719598,2,1,baixo
38.76510207516247,58.716668919898346,9.179356667055352,1.3056943495023905,0.2316902516733856,103,54.472374405638845,2,3,médio
34.718477950477364,88.53638883025563,10.091012641292165,0.00453122881381229,0.08149762827084114,83,1973.307525902909,11,1,médio
12.847207322466492,88.62255680139165,42.3626892017966,6.2804875454533695,0.14445221025666208,7,792.721968185314,2,2,baixo
12.969319992981717,35.77147502949413,21.50892359832053,0.9387900005574791,0.7328490415914426,98,2134.4077550049437,7,1,médio
44.53238524754114,52.490971959952546,1.6829521968374905,0.5517669930510644,0.5144100093171659,41,2006.5760540000842,3,4,baixo
23.09947785146421,24.047230871287507,57.82713631201698,1.3558695624338117,0.8132456194883161,76,1653.5050827969578,11,2,médio
22.972475147341182,94.6067998548995,2.5989277352131968,2.3893768297338784,0.13196845215778583,104,812.1871677482218,4,2,baixo
38.44798485401259,93.30061170811422,47.62214728832436,3.2304242313670954,0.02113857384890147,69,1290.791404152925,2,2,médio
43.153700208435055,63.45580367367026,43.13550353018515,0.2279691033528055,-0.09391246902441,110,1112.0731439948975,5,4,alto
44.51003723380048,77.3972653709726,77.50517524622435,17.629269811353943,0.4078620376159938,15,847.2047156216855,9,5,médio
36.36823648406296,69.359014515533,38.73705114781133,6.295015422768836,0.8983069303819882,68,2120.3407232579457,12,4,médio
23.169085493582052,58.384239713552134,5.088114910223789,1.9518535099987544,0.594965268818639,52,1208.7676864441632,9,6,médio
12.922525084453406,9.801319729000792,44.13503742451694,1.91874257751498,0.20839459196514606,44,2081.8077444928663,7,4,alto
37.20014205746028,45.9287908297395,67.28769364928812,2.975952976691583,0.7768585830261717,50,263.0461853545607,12,3,alto
29.544148740753176,65.73076719506695,79.74794274251519,4.920771511170693,0.6817222659879597,97,352.5619715008393,8,7,alto
24.84777032364417,65.97784524953161,34.4274538951258,0.7913051338077268,-0.08458483392346075,5,2443.300762782442,5,2,médio
41.722403478315755,38.58103565801452,25.6238993997394,1.0470034289072014,0.7168604805410225,32,1469.421156515224,5,5,alto
13.891911880715297,89.75227879922275,72.53226375615992,9.810411479797093,0.20052675723849597,78,1274.4241837476225,12,4,baixo
27.24187865018007,20.062132901310292,15.29937032608971,1.4802847124963385,0.049673464583601085,14,1307.8901578602793,3,6,médio
10.397377566859667,50.03235015940046,49.23431320263413,2.3917518163786635,0.12633083973707457,13,538.1719350821495,6,5,baixo
26.40312246979442,67.17955788957406,32.45715393447582,10.250262349795578,0.36857980437513904,38,1796.7598737549326,1,4,baixo
11.970614648864307,67.74222253026284,3.2865891964444227,5.440555538889899,0.32486792706801104,62,211.95155932438593,3,3,baixo
14.158627069382518,63.3775061091934,27.78307794445582,2.0905628507723812,0.18888729937422674,4,1433.309282757558,11,2,baixo
14.11341863719867,29.775939210667413,21.218281800213965,5.755313562273741,0.0722183222070327,115,1426.9219914647535,2,2,baixo
32.72236057406222,19.058591181795975,54.887292315478945,0.09939754970308233,0.6622307896421693,89,2285.4710603337776,7,4,alto
36.11157077428982,62.234629414403976,75.90323981535346,6.652267652550582,0.8901097837349171,111,1315.4570252621509,9,2,alto
30.417906778400585,58.937190452549395,21.44377499029102,3.3375535118153428,0.6777915804196905,80,342.6567399354488,4,1,médio
43.67603919660897,21.142040926031687,64.91727513213453,8.388105932358558,0.1959369676715412,106,1431.8831481204063,7,2,alto
23.12047028332964,68.4625231013507,4.428785355072762,15.465364286882474,0.14480896141213337,110,228.31911091333092,8,2,baixo
19.999923019865125,45.96547925602908,43.049680803185055,13.004184106173087,0.11766587606593823,51,509.4845882498042,10,5,alto
40.40096948663111,65.09845324428376,5.644005096791567,11.99906293840578,0.03669507448903628,15,77.77146046854033,2,6,baixo
17.82585434818084,80.36303717931357,74.72263929045114,3.588941020727605,0.45133054969230124,98,1283.2339561487458,7,6,médio
43.7127888804214,20.275558571923085,61.30810244459121,2.232545903140019,0.5054003719533442,37,211.33153823393093,12,1,alto
10.425406614143572,6.7230381197153015,52.635992896367384,3.1277728090000596,0.6055026606631373,52,1173.4859463283226,3,1,médio
43.94575893476737,75.11923277562082,65.91171052997313,5.854237822893921,0.580213370933668,86,2332.36258831036,8,4,alto
11.510596918270164,59.87276826373544,51.80158364561305,10.77072961577927,0.19233331128338246,76,1799.40353254833,6,6,baixo
41.19000897943249,67.96756126599095,77.51555177394329,1.159573925566257,0.23031100539684654,96,193.52918556323263,3,2,alto
28.469538818020496,80.43394774897783,57.11663582918172,12.516972007416767,0.5815145354423379,92,560.524530522108,8,6,alto
44.753767864175515,77.25298413420505,73.97268876657974,8.441870778177567,0.24944764078362833,52,1684.1560497335856,11,6,médio
12.58287976573896,91.48281322359422,41.37055136085104,19.281999097655394,0.11262318961931303,45,2236.7546525604594,3,8,baixo
29.384899954046226,53.23415709669064,9.365153038549012,10.611819254992799,0.2743361536967396,97,82.2964669098844,9,1,médio
43.92558874666847,48.96460693939148,42.25421771384137,1.6420851433270265,0.17208415757797765,97,2031.127829301485,11,4,médio
28.30842454595521,41.16984799016571,10.149826245047464,0.5600009442732811,-0.0116872787814222,90,1404.5347008457718,3,5,médio
32.028952334734186,18.83219385597841,47.3994783341124,0.5952752515732533,0.7301389022766536,14,1365.2283132409814,1,2,médio
34.3512041144616,56.53465095938202,38.59944484221303,1.721073894519109,0.7531113891570363,58,2394.532956883395,2,1,médio
25.908937266872062,29.931127189338092,49.80603182662254,4.7619699584915445,0.11975030016687946,49,1869.1115314919327,4,1,médio
31.96453280294222,87.91767609916779,0.8037584843865275,8.156381367632672,-0.03522780047479826,8,2125.29717014028,11,3,baixo
30.45100091730851,57.48717238493878,15.587239332429128,11.475580625617042,0.6388274373511795,25,884.9889238616668,2,2,baixo
41.540530367184616,58.35561624572991,39.30643455297047,4.88755228980395,0.1115286258634137,2,1385.9101020710245,4,5,médio
11.590623311951026,36.9432194789309,76.04028492713078,0.028236141841839993,0.29343548943686026,99,1538.5141935694269,4,2,médio
19.83371163572806,9.679041677993673,30.688723228412673,1.0309207453215639,-0.03586474776261675,46,803.9598509061627,4,4,médio
43.264401942679555,7.856938883568976,33.949762084290775,0.5252817199100945,0.12626958475843517,4,1425.6203123684988,1,4,alto
41.159232436182066,43.100162973787775,57.17568712052977,2.257475669937599,0.6929022783296358,61,591.6384486992846,9,3,alto
25.947986347499953,12.610884028751407,48.303420582889444,3.4792641239194295,0.7043964469152019,83,358.4391776705989,10,3,alto
31.704640923053784,59.61622599861252,23.914092007866657,0.22183499156869296,0.1070848248877104,83,934.9256481933315,11,4,baixo
19.70834140433964,84.28757050756917,32.86531164539422,2.142220388048697,0.23591384510668953,4,1848.2240718660926,7,3,baixo
16.584240590331646,84.462333486685,17.415983908578596,0.987255209944241,0.03423841909374356,9,2290.467870184719,2,2,baixo
26.229444172899374,64.31408691190092,77.28171673041669,5.2074300653903265,-0.025827369715077625,79,1144.2851287455812,3,3,médio
22.36732798091185,24.01086483256379,10.450750524588779,3.120646993943461,0.8921717144484095,62,1607.0592206885792,8,4,alto
30.427963914780523,82.66971482229849,29.746942765313555,3.419130257211009,0.5555939512448392,24,257.59282743775117,7,0,médio
12.720712293774469,84.74840917818874,2.0671177776008953,2.7903880030544963,0.4420965091983188,43,2261.159396380822,4,1,baixo
44.10381826831583,22.698822645766285,17.742359354683714,15.620068555171185,0.6654985004052996,24,1421.510533924836,4,0,médio
44.5173760567861,71.36834771936095,62.43769107041239,1.208670989429117,0.7400771596877241,29,1950.8456190628926,9,3,alto
34.43565999069108,30.786759403441064,16.094018583110355,3.6352187630733073,0.7067147680447275,13,1986.1030023034846,5,1,alto
28.763372822044214,77.23762811176367,6.405072202317248,6.659359836313328,-0.0834605507101234,85,641.2013159202648,11,5,baixo
20.83346657002147,94.75141099132424,37.95625438756186,4.069171793557978,0.08680789819049847,42,1322.9361329546239,5,3,baixo
38.48282568974321,7.702340479645353,0.7975387787614796,13.226848051206035,0.5549053021178311,27,2401.1993789024436,7,1,alto
33.96559103938577,85.76292792118387,6.781292354106654,2.3738215618113556,0.27575934780396294,93,224.08636205206943,1,4,baixo
15.691592877071194,61.03674802387923,64.610069565038,3.115082303889479,0.882482651061107,18,1707.6247450739086,3,4,baixo
41.88245145728449,92.6044357248339,61.71786758876851,0.4634408351118956,0.565404792638254,101,2405.66019508793,2,4,médio
38.78880350231091,46.85085657737849,73.21110563239168,4.695227227374382,0.8565489087292065,41,751.4427701350554,11,4,médio
43.242996965217344,81.26491375142363,68.36123487285997,1.699875601943317,0.10144648164579381,19,2153.6198035108705,10,5,alto
35.4001827935926,10.61546617384495,54.65404505918545,0.8736067951166357,0.7639570281150231,98,2334.143863520679,6,3,alto
31.469531857752646,35.175114507046615,4.186628584053027,3.9321413238087595,0.22135230581522533,85,1867.7155234870627,11,4,médio
24.63850627017166,11.031488397608896,62.6278894389326,3.799750794284666,0.8895648082378068,78,578.3207807673957,12,5,alto
42.64549691739047,92.78088201311635,67.64086486724483,0.39452150282127446,0.05768867207314729,10,835.0017970664846,6,3,alto
40.31223613251429,78.5276516544653,63.926571661756356,5.99020969190546,0.4163398188383266,53,89.52323604432682,10,3,alto
11.58265345371663,81.72926791213735,40.67832282464209,4.887802215661889,0.692844533837122,97,2078.633085613388,1,3,baixo
10.92284410740382,89.41687082905048,18.632147091958533,1.0475426775435532,0.3326424806040359,23,2124.0279662776998,6,5,baixo
23.176217840731738,12.659313750780683,67.62639805509814,3.169062713525666,0.3680840601876467,69,1581.7757749154819,10,5,alto
38.36936657736415,39.7037833262,58.173024779211076,6.370598072409043,0.8863557955057411,16,881.3196281596283,2,2,médio
44.55466452602305,11.393140013960192,78.46089395110812,3.769113761622597,0.32530815030115334,27,192.02756909980135,11,3,alto
15.264591188623486,23.971379139502574,12.455407820474633,2.5166776913053504,0.5040721005990636,49,1882.6440247872736,4,4,baixo
30.79457503732473,25.642919933390512,18.053166644164406,1.9455365819662735,-0.0454603393248493,94,1816.3154840248071,6,1,alto
23.331179982085754,47.21964899428208,16.943851990520216,4.713094823188021,0.74221008021026,99,2281.5063043472524,3,7,médio
43.94700392351111,29.170595070827833,63.40318140970694,13.99332471931886,0.5481680489795435,54,1826.3300525134055,3,2,médio
39.4741623097498,14.088029613598499,14.952583716009453,5.5698202382578845,0.30402010286281356,72,2071.7373556100047,12,1,alto
39.341504664889825,20.074198018469694,5.3327863858644875,0.38843440210480246,-0.08383046004548025,9,1864.8865447599987,3,1,médio
26.40426059282396,18.254800719688184,79.8848645268503,3.0872770701173806,0.4916688205935039,20,1576.7179707807911,4,1,médio
24.518682581818283,92.57691181210684,1.9853769156119316,11.073976123107839,-0.08734217151583781,57,1067.415985477523,9,3,baixo
19.569247517574716,73.33632562266263,66.81952481270925,0.4961325349672593,-0.0987963860909821,33,2255.2932716056944,4,4,baixo
11.973142382782449,92.09853187426057,29.229347324052224,22.493122326710786,0.5160985621493547,94,1627.4214297686744,4,5,baixo
40.265283168926864,44.57664378571177,67.32923678062522,14.886456162549738,0.08901706733455425,92,995.8883049147727,4,5,médio
38.45153531955272,30.053163349639092,44.3696392968916,0.4075390059489796,0.09188754971809529,106,208.67323795489307,7,5,alto
44.99011856501457,76.8463877488268,72.13049835890881,13.546253640949427,0.5532715658327437,42,726.7621397609553,5,2,alto
44.88228929758669,34.36285262370321,74.09543891317013,2.255968965249039,-0.046302812060625725,10,1359.316837075412,12,5,alto
29.44010969609196,31.944503633481347,0.7278545024620797,9.312277893732812,0.21340556147455633,32,689.0884250404863,2,5,médio
36.91455953131786,25.925539298704805,6.032974079423061,2.709718520622479,0.04943190214201906,57,553.0883697947553,7,2,alto
43.06680054588498,16.67110804018118,20.02869836566844,2.906733246272512,0.4801763697965339,45,1318.4837852196179,3,1,médio
39.737658673709404,28.08167549150894,53.54523330908013,5.028931746233817,0.5617651547273959,60,424.5508647393365,11,5,alto
18.65718356101192,36.97877736264989,71.06177572092048,7.4466749440214635,0.6211358535990436,61,2001.0251583127585,1,7,alto
25.76904473585327,65.65947873311573,36.79535610351702,0.17186599173596964,0.15523121691856542,0,1210.920378356645,9,3,baixo
14.520579530302324,10.630835799750642,48.55784930194123,4.4966272420203985,-0.01075024836341601,20,1434.6569349066253,5,2,alto
43.39178595405528,23.945624569880867,15.079988223644891,1.0334790140405472,-0.021316343058102177,61,368.4581689933714,10,7,alto
31.216112205780803,77.81212762625087,64.39734671053483,2.1228537034615114,0.3261515484507238,63,811.4408390734185,1,2,médio
18.002498192621196,18.22297312253937,77.38624890827758,2.138313300830442,0.8458444090627151,86,1025.2242081528823,11,2,médio
33.50952395420499,35.83806318702694,21.487914633167797,3.165534496326188,0.1177290342470246,72,2020.5320762912575,1,1,médio
31.634488416026354,82.8193029672326,39.58607612804371,2.0333522602883294,0.15674160134154932,55,1925.3988077153813,1,5,médio
22.535695131149417,18.94327800290984,6.889288840509904,0.5678658392758693,0.0008888021058589268,0,557.4436869692034,12,1,baixo
13.974515726987015,12.446315205637092,44.73093251703747,0.7869472362826342,0.5055702738939303,20,1540.4477040175193,9,0,alto
33.50506184574799,48.608419557200975,40.222675347734445,0.1700490923079588,0.5798728739471749,21,608.640894429994,8,2,alto
28.210769531632767,32.217756015068275,11.554918732406207,3.176741776129888,0.54293120816076,53,2470.6178892256135,11,3,baixo
37.03114371074737,55.70675280354687,35.365297049446,15.444470247985107,0.7611302430447813,3,2380.3096953271765,6,2,médio
28.20572253891977,77.34244014351276,26.728372166925062,0.6146544487697518,0.38642583502607175,64,1408.1618013015511,10,4,médio
39.826352511148905,17.343363933746886,41.746470024415146,14.618406427998353,0.034457040767064434,50,1747.2564297353574,6,2,alto
29.316739357106993,57.26291760988565,46.85234683430394,6.609307629061104,0.18940513070441264,73,2003.5759555216125,6,5,alto
29.632829003738518,50.49578843508775,0.6796462885767607,5.073637512211379,0.5624299734213518,62,1802.4960501122598,4,1,médio
40.682876093042076,17.96709074118796,60.88047863596443,5.1821010255541164,0.5131219737415599,14,1749.5717277060521,5,3,alto
24.121900317433898,61.159863697608415,57.041143348939265,8.76445317823994,0.4310031297429625,115,2396.38501987382,10,1,médio
14.690532995772426,29.62763760746945,29.302910896521777,0.5653948229760783,0.5829644186886872,35,1491.1402657682083,3,2,baixo
11.007393670966865,48.90508866896113,4.234874845505461,3.5135066175415064,0.5373908503732994,28,1590.7566795476391,3,2,baixo
36.42980394857666,12.40450918493557,60.39460318280403,5.9716165252859446,0.7813248894649517,51,2123.1718760954527,10,5,alto
31.710834297371264,46.36256514922607,76.4140128382506,4.419365114048587,0.4860163774782966,45,1674.727169646017,7,2,alto
34.642791883472825,32.58171212385383,19.212127681761135,8.94219706429703,0.6786013587005565,68,1832.3315550438062,5,5,alto
17.453745652811875,79.01430900668188,25.881969098963033,0.3750818947509226,0.14870715596646786,28,585.421715491606,8,2,baixo
14.773001645536942,10.128085429763145,14.705031158545196,5.867234800544035,0.578182584589068,110,928.1673102876772,5,2,médio
10.509063298375867,42.67465474264969,46.15488986758717,3.8181457694523067,0.8021941183826757,46,368.2533642797325,12,2,baixo
22.270564558230895,46.25882817182942,12.387311571796396,2.3834163541536215,0.28573232789983327,90,1264.4136058370136,4,1,médio
30.64711903991216,70.25054686692069,28.495515476910356,2.079660852643265,0.6791041873386466,24,1139.3185017006158,3,3,médio
23.72854157849063,56.68588175811899,55.76104111474103,4.848887845991729,0.6247893011954354,79,2492.907035698642,12,5,médio
25.31162227083052,65.0491103474763,44.80927864074787,11.081824815985117,-0.04047380312817753,15,1528.0216320388563,2,8,médio
41.645554307281195,74.93443570865806,30.91700514623482,3.4276406578536482,0.4815083096240723,99,1966.1120579860583,3,2,médio
22.188941345815515,82.59826762923699,33.61996814460335,8.70694317707455,0.03018934920080238,88,835.0366768941356,7,3,baixo
27.989632120593377,33.24879470502235,44.96887060985836,2.572130336654955,0.8673191722305912,40,2078.863328356991,8,0,alto
37.42785544594001,53.42204348275126,0.46917823097290423,0.5401228766515012,0.7114075027006562,64,1537.7124162192085,5,3,alto
23.878997381244456,80.60972705952798,6.280789476288788,0.3173926767180397,0.009723801247120106,68,1742.480828996096,11,1,baixo
31.773034507975574,94.05060178685508,70.50064542104093,0.2634944157906085,0.021751997647678406,104,736.076944873636,1,1,médio
40.18272980613608,85.05673799393868,6.230319127303261,2.3913899735869957,0.49447385491261897,19,1371.5959792389428,3,2,baixo
43.23322182801748,38.43205363619391,56.544287696840414,2.0566947582693653,0.24488917417318332,68,1585.0924335340217,4,3,médio
15.147571832516327,22.564986549678537,73.60305312872421,6.3281245624449465,-0.06509414092689073,35,1472.7366895414525,10,5,alto
42.43056688065231,49.04532836659298,21.65468834413849,6.7899244440511435,0.4416415078330531,92,2287.9842785614164,12,2,médio
27.224070257783836,71.74773066524381,29.63931496476114,0.26096306607680936,0.28784509968584693,111,2245.6816612313837,4,3,alto
19.038553590463543,49.331216367796785,45.51371246757731,1.2495123891905977,0.0010764923717426489,97,2427.4601446921765,12,1,médio
26.069751468339145,48.48627769823017,70.53671757108677,1.6028300218313318,0.7019203922559827,57,1668.5700150174735,1,1,médio
44.3011401349917,80.44073789736206,75.35244698083362,3.966075126193598,0.815076765278806,47,2429.7853253142116,10,5,alto
27.241633289750435,37.52634011604677,59.16505984890144,0.7804349057036181,0.65659393401413,81,2081.195000079772,9,0,alto
21.506306360062787,82.3815207330481,6.929580868375522,0.7190124837082413,0.7224223100162773,1,677.0803508498982,12,4,baixo
32.1690299010854,41.61243208565512,53.53233244278806,14.393204203483652,0.11649056726611737,79,1068.5891738782427,10,5,alto
18.405096657236758,34.54097951105055,32.82429774981296,8.15338198649619,0.163572950918601,28,595.9811054725245,4,5,baixo
12.655216483803237,45.85909200797291,37.656079959284924,0.9962495945515503,0.10852754029918774,96,10.492902076413014,2,4,baixo
14.510790266872723,73.62022628073817,3.931871227614163,2.609161611766898,0.665063431365564,15,470.12188286727155,9,4,baixo
14.481604363522035,16.340182507759486,15.284971147708655,2.197348836977376,0.8479170789344971,34,10.151465717189168,4,2,baixo
15.316594272930303,22.677729428481566,63.24108860269182,7.827202601716198,0.6168372067339026,110,1799.596153376225,4,4,médio
14.858951042729355,90.63003430967828,36.31670664382878,3.568922528674317,0.781466764879556,61,1063.8357443029988,11,1,baixo
32.43061606811251,20.794246464322164,24.132979330491906,0.683967749784581,0.5386990948831726,106,781.4368176946457,6,4,alto
16.365802953970068,56.09545861379491,30.72152591719665,6.716022313793744,0.2876599005587991,105,1904.3022277379698,8,2,baixo
22.09835491633521,57.13830199957441,68.35196106605441,2.528261627103962,0.3257616149303052,80,2081.2169365491127,5,4,alto
41.387594346710415,49.066201584522034,59.91992139239655,1.5253230365757715,-0.024678567832595172,3,2438.2488466247,12,7,alto
26.588657409200533,63.027072371913675,21.785231774486622,2.3540087144343285,-0.06854280475397392,112,1605.0339616881029,8,5,alto
33.364520848235955,25.684405321785658,9.400147216989865,3.4433517188922576,0.5954756041890774,67,1153.8223963501293,1,2,médio
16.031195492057044,54.73960409990734,20.159857731525737,2.1012355001549348,0.33842889201118065,50,763.1607540185897,4,2,médio
16.730115658303475,38.49559297222074,73.6605160843787,1.3847379525036005,0.4522150680546295,88,555.7955230355657,1,2,baixo
11.43040156932676,64.55005336662701,46.52710702798043,2.5416605824039484,0.45766124762241633,32,532.3148762065031,3,4,baixo
15.912727207525759,17.71011890358345,42.67841669958263,0.096795473181149,0.1773758133333014,77,1022.9734367994969,11,2,alto
19.750661866118552,56.37896751555286,47.71148797539692,7.4029778646372,0.3758925108294907,23,2479.4658882198246,7,1,baixo
16.19536694968614,21.674331984499133,29.28226125972122,0.9373432633781191,0.3707602216677023,74,2.134243593508167,1,1,médio
13.104588681496946,30.077875680353277,64.56856162556102,0.22448797185546512,0.288427221227857,24,493.014743077502,5,1,médio
14.222255488521029,24.68388202912249,41.862899944019986,5.302230265612754,0.7206753834010705,27,470.98245600893455,1,3,médio
26.127256881145403,21.45540018819354,9.339832221503643,7.434688519068607,0.3511640036875959,6,1792.7987138307308,6,3,baixo
17.221680144202736,79.31398564046003,10.325209986325037,8.40545189808433,0.5036445245059878,112,881.2118189951545,9,2,baixo
22.749445136682642,30.71368108948013,42.948731720209466,3.401245425468378,0.7955201203808261,35,1143.1520114795514,3,6,médio
27.619604479919992,88.44114036780044,74.92561744566713,1.1493819849985103,0.7662336228589225,9,371.5603261747624,11,3,baixo
34.163819002027786,92.29338728106718,24.668169734095898,6.682336573490229,0.7904222037791652,112,1012.4925971923693,11,2,baixo
11.375924894438462,56.41344229433876,69.56329350873746,6.015084259542695,0.17000499646501396,35,257.99952976459014,12,4,baixo
37.97936396181649,17.870101039915376,61.12764692631035,1.413610196251667,-0.06501751169193717,94,1332.6082197214578,6,2,alto
31.97651363218177,38.709341904162315,19.824995432552548,11.686284147108319,0.1610667998953292,82,244.84591345713986,4,2,médio
12.861566118210517,76.79590370133926,2.9072598652993964,0.5511476285991043,0.17870734562070864,17,1976.2709529328906,6,4,baixo
40.575251843737206,38.06516558273634,8.147781211390619,20.28184608011841,0.809360326724968,112,1416.5042938512238,2,2,médio
42.23053401861346,12.831549647250988,58.279514707795215,9.839422516115992,0.5492427328379706,5,1809.9196844337923,4,5,médio
12.137728594920231,55.110641983536915,15.973579043251735,5.822136448463167,-0.018296040397771246,91,1046.2909666317096,7,3,médio
19.69071768515213,81.06087663464314,29.7016736404315,13.963948027781177,0.03537859601110113,6,953.7282331055683,11,4,baixo
38.21704479275715,76.63337484291522,40.13593328051399,6.406270513521445,0.0556761255419754,101,245.522222622159,6,6,alto
36.189089163428044,20.76108261173179,58.03745347601303,1.0564269219857707,0.5304217481689232,11,1309.6390176070565,9,3,alto
16.458235677473205,65.548815297122,9.05849786073003,2.9183808658174692,0.6354140255070031,40,1286.25541214273,11,1,baixo
17.32722631678486,24.84538370920824,32.50931242219692,0.3709407770888367,0.7596439105653962,113,1170.2551111240134,7,3,médio
22.96652359769837,24.6386781096955,38.805832731415634,2.4686743832412503,0.8406365508062431,62,1851.2959117061232,1,2,médio
26.958304481685747,83.66645959746667,43.266165117723176,6.766290967157413,0.10170455738644177,97,2081.2610000808863,6,4,médio
31.63891700356036,27.470205746620714,65.46885131161733,2.4424134078646866,0.20977248472404905,24,1876.9741873712703,11,0,médio
22.911977384942034,28.692261186621007,13.734255603457353,2.00458365439265,0.14032288074483065,80,359.6643570171096,3,4,médio
26.188715064660176,5.05880516851696,64.62651614612979,4.523734625084447,0.25876156746613777,52,1555.1487732052701,8,3,alto
36.16148283468148,83.36021307129658,55.430274215732176,10.286620879213334,0.8146651074237494,32,200.80776422383346,1,2,baixo
11.283912101170927,76.33353318882213,44.46966513591675,0.24376258525755845,0.47511256693936155,86,1736.5557186011913,10,2,baixo
18.835293052040726,61.45960415816102,55.962229632205755,2.4344911917919294,0.6381918973244991,72,954.5977414028167,2,3,médio
34.96723550595934,72.52391875449581,32.96141911613251,0.8613061113348609,0.390119236126782,5,331.2473906657165,3,3,médio
41.33223931905198,18.684371068204264,11.071806877449966,5.943028276111151,-0.07114208666387548,61,2155.1271424403194,3,4,alto
27.908710474048313,46.24912351288179,53.26121922122938,0.5587072665464986,-0.03580451400218568,65,1535.0208475973434,7,4,alto
28.623971984286047,36.60974486139028,41.973784534849784,5.465255283822663,0.4379230312678858,101,886.8124198688188,8,1,alto
13.751020396892162,13.439887363131485,51.14998404342204,1.6856283458942234,0.6187890348200257,8,76.81794912624883,9,5,alto
25.659432838820912,48.75174366934317,27.039902482279203,1.1089524214696236,0.11533052752873149,66,1343.2756475090264,7,2,alto
28.64160432592581,87.86656853083718,72.54932618718686,13.771980702837903,0.6219095739923041,15,2308.0646962155815,8,1,baixo
18.48646762721554,8.605320714562502,46.98958948604616,0.09349152782409062,0.7106657734835125,88,1490.9495817559143,11,3,médio
19.423513083228336,31.23148221444145,6.832198743269906,2.8792859711804404,0.31189747836211124,87,2429.126511548733,6,4,médio
23.204945708661793,23.67868425851331,35.9843192563543,0.1093214168016963,0.646419232844105,110,341.1277956761463,2,0,médio
10.702491922220423,26.43319882991267,60.508484379490746,3.3043007893503646,0.3040299503284599,92,1420.7627614870921,1,4,baixo
21.27277079541124,86.75910966914377,63.53076493858179,3.476220666090109,0.57835062945502,107,1995.3126200160737,3,2,baixo
17.400680244879062,47.12621488108611,39.5677642211007,1.9405514255831389,0.6639970493195431,54,1313.8518278142906,9,5,médio
21.462407326227012,46.966947164583694,71.57980566650409,0.7087498066487695,0.8919266183081108,39,227.66588996868148,7,4,alto
14.191674613673793,73.4518078209754,21.413474975543807,2.36113078804164,0.2453966620635961,25,1457.2150038680443,2,3,baixo
41.16845482589632,18.90429836044332,32.847895779061325,5.577718191119772,0.3110407805746115,37,1529.3447646061793,1,11,alto
30.775735874391703,48.85388186900457,71.88775284551761,7.625387512208205,0.06562005941017132,34,1821.7731211883813,2,1,médio
33.76858117005713,43.69866927089537,71.70053731772632,3.783104436208697,0.10407305840180689,86,1903.0287879136847,3,1,médio
37.62099335125684,58.72196214919905,54.85702150597447,4.455971424176479,0.5933950025983777,67,1926.931720526518,6,3,alto
27.445476962517006,94.96019329253947,68.71844376977761,1.1195715608994086,0.8170455901544761,58,1658.610984097415,12,2,baixo
13.042210083059828,74.25040046738424,7.101861356498613,1.6936863319209783,0.29460495166124057,105,539.5279660466454,9,5,baixo
28.79872896364917,40.807913271568445,69.19959809662211,0.883063079575236,0.07984444683554123,13,1010.5893895986984,8,1,alto
30.53943913073077,79.47977470466422,25.64959252401814,1.4337149010488899,0.18509949938299405,116,1940.3249315359967,10,1,alto
36.09038159645155,20.363752698123214,14.266520994257306,1.273730851336638,0.35505170480813864,119,2383.567458502033,9,3,alto
25.10808411803878,7.741731767806411,19.149586907363705,3.6641073612909905,0.19065032936536838,46,197.367412091555,11,2,médio
14.46531059784473,23.400353521784574,33.437480641110966,4.1355505404482225,0.13357908312186625,102,1338.841694492987,11,4,baixo
19.932156702955357,35.637040050283375,20.095360368357376,14.497332826744069,0.6359844887570796,70,781.3056783107661,8,2,médio
22.70788037395223,50.95226817136039,25.64540688131992,1.0881106566182246,-0.09215507875937681,71,563.4847357920744,7,2,médio
32.60710344660605,60.361622648707986,10.798278885731367,5.131584325334737,0.43923052733648316,41,1264.5267087992877,6,3,médio
29.977240663411916,86.95451454929795,23.69414124471988,8.498434505662477,0.6937668070297539,50,1515.2233513913418,8,5,baixo
22.46338540642462,50.886860859541194,45.78270516336009,4.107647420152671,0.1662282863174682,18,24.430578548703117,6,3,médio
44.52803370775429,50.11480801631564,35.34829664728512,1.471879816503017,0.5032915106120174,65,1950.5164305029773,2,5,alto
31.20211867749105,9.521870884068392,27.737500898872895,1.5227865079467335,0.5689001056186178,46,2049.705328148619,9,1,alto
18.302937710759807,8.142039739060143,59.71617030856912,0.20022113670934277,0.55502469640509,64,2413.7770614198325,9,4,alto
13.562386541714131,54.60439657247348,71.48079771146543,1.8224140633330108,0.3458496341987177,41,451.6093330617374,3,2,baixo
15.35006987145162,44.436075192351005,60.54313783219176,6.824693701779064,0.2465779878757792,37,1486.38140590237,9,3,médio
18.608520493457785,80.52623554822688,26.560056169414334,0.24341907446091382,0.7359240730278135,117,1066.5634336909864,2,0,baixo
15.623848064084449,19.461162624066066,59.5553734270043,1.2377914161315384,0.6584459569998643,12,837.0696288883767,12,1,médio
16.5298458417957,7.247449590534464,12.158414597924097,6.124833179161399,0.22125517341391251,105,1414.0836285937617,3,3,alto
19.978330904284647,45.41348911371133,10.425439047303273,7.63126755962293,0.00301919444220608,43,1955.9577330588756,6,2,baixo
16.06807583531642,26.373070107703175,27.650162962892715,3.0377694684926677,-0.028192454554530816,23,57.63195861302528,4,4,médio
41.38678986192488,9.46529360049537,64.61618952352455,5.987872229054614,-0.005724022101063958,95,2423.500281415467,8,2,alto
12.808181098157476,70.21384581628661,19.70785977938415,2.4547242186557785,0.4828693611920428,29,2024.703964264277,1,2,baixo
28.357898634958914,15.043369996152272,5.060272711894367,0.8712505637229034,-0.04833782417101032,69,1877.884259113946,6,3,alto
24.363888944638155,59.748755000699454,10.536762816508407,2.5387309631149364,0.2369268749640384,37,1900.9684554512587,2,4,baixo
44.383251591801226,30.294477515020024,68.69959748236641,4.337119760379149,0.6531997019142294,96,972.6517740466314,6,8,alto
13.921361575881832,20.61464453195198,50.70266277978301,14.787683683657784,0.1943481665153781,107,1879.0513771120343,1,0,médio
23.92494596660096,39.17763706273857,20.256093069598133,0.35614265832996783,0.6633080771801299,118,966.9255215073941,2,0,médio
43.93146516463791,77.13011986006583,44.42366602625451,3.5402290180453573,0.6454670382070553,22,2246.767073936983,9,2,alto
40.29274940628931,40.28842192141154,42.206369794028035,1.994332967919811,0.1458271326332163,73,443.0559582661742,6,4,alto
38.59752248322479,72.56926842899502,52.4348782752529,3.5495514410209457,0.6288221800927455,56,730.8685605378787,8,1,alto
19.026598946572896,16.29376671192356,18.655004353729304,0.12133768254478235,0.6477766382721007,109,1378.3438567476903,7,2,alto
15.981065558652304,74.54942776985712,69.15223897555181,1.8772894692390283,0.2974539256670269,78,798.0275897181813,9,0,alto
33.402512697355085,26.32399924159838,24.749484966401027,8.570330912551547,0.11042048374151822,22,1060.5931132381836,9,2,médio
42.528159619465505,65.96538168999855,55.53053231809895,4.036528469567055,0.42127080689186913,119,1231.0567234964867,11,4,alto
29.486701255487542,55.92033993568967,1.2899717097771912,2.994483199111675,0.8213975880001964,35,2140.8833720337716,4,4,baixo
30.006444131446493,88.62302454905186,29.81257039153178,1.68103686051196,0.539616732432062,56,1307.980634021732,7,2,médio
19.799268278109945,39.85902661777826,28.136785436704663,1.7694122528392575,0.07292249762726119,0,906.1496215364012,5,6,médio
36.93225266171779,10.95486699509964,43.47875428664116,2.4152533331571666,0.5827569247335199,71,619.3404100877895,7,1,alto
16.546531199513318,6.723993699612762,5.81890094217572,9.026373244983203,0.3272030272818346,2,1021.689946980493,4,2,baixo
21.328773274148528,79.41727048754778,63.21050989808867,17.088647456347466,0.491528797355373,13,1289.3402610359246,12,4,baixo
24.890275351574587,52.226207389528895,17.422464141405484,2.887101342836807,0.6340640350231079,80,1865.2871430080909,10,6,médio
27.766363253955927,74.77196466514543,54.163025190560816,2.4990396993915516,0.41494735151444484,33,302.6219404308467,11,3,médio
18.484340634527808,26.098304001036322,64.25696985952746,9.371927768885447,0.7139839745733086,110,554.0229705978772,11,0,baixo
14.019288865872124,36.05753709619104,44.950156499321054,2.7835217071274787,0.6221555793166278,69,949.135039671683,1,2,baixo
31.37170148545714,7.709348499018704,59.27065653775884,4.015013052748974,0.5150733400185107,68,900.9960127987865,4,1,médio
20.10206936340895,91.53430921167009,52.948824977200445,1.312942267871794,0.050792815832351484,109,979.3702190130293,10,3,médio
30.34333774979143,65.10811160307321,28.44238377216061,6.803182502492232,0.7359491109115683,50,1983.8031616008113,3,3,baixo
15.40269503459708,88.98845789833756,64.70868312268523,3.79631011208071,0.8359055853198161,104,810.3860074054328,9,3,baixo
26.83990356491861,28.89467666861651,23.576109590842236,8.278313793045015,0.036965123809294814,103,1254.7454510066616,5,4,alto
28.640630139305504,60.03172501030947,45.69703342012137,7.587319412167992,0.3882411294334306,28,1559.7675821447413,4,5,médio
11.813823788784942,66.0649971463374,59.63181913132316,1.2103881772375629,0.15888874197050448,98,580.4463754590128,8,2,médio
21.78114973678722,33.579473023182956,30.316472785000606,6.287492954138187,0.6545233074255646,81,1796.7384678688472,5,1,alto
14.704513692864099,81.32983115140671,24.221408609394004,8.04854994600242,0.6216296360047,103,1367.7782993457024,3,1,baixo
12.218123966546871,90.24453166102231,36.747680813825816,2.1240595885104168,0.0408851205703987,47,1116.952907578445,2,4,baixo
44.64860813364808,84.63696059264039,65.43707954793229,0.9473901945859451,0.7770272712616372,93,2024.4600668457847,8,2,alto
21.282384574115305,71.51602783454352,74.39374105165318,0.0131781289592452,0.08097306397800227,78,608.738147962955,12,1,médio
38.34560560491222,29.971821175245864,43.606673028791214,2.9974067879675195,0.6972590256481075,116,2207.939926535808,2,2,alto
18.912422916731735,30.345443789506856,52.91729642589215,2.172663006446418,0.3569803596280049,78,1402.6218384167594,8,6,alto
33.85259527783752,91.70242884014341,72.26188977911313,4.047391983618115,0.22827229355815123,15,1522.9371984491454,5,4,médio
36.60797509613903,5.925604634212283,7.8837481130353915,1.041527733687269,0.058239262674213504,56,2187.647410422357,8,3,alto
30.84735592127455,69.44449759179301,18.566286229293205,9.81863380063279,0.06761425614662939,96,2043.95671962334,5,5,médio
26.505166599255542,68.5621546299736,56.71200050012659,1.490380960719189,0.5618905547009003,9,1503.905172054751,1,4,baixo
24.4144319951544,61.04205868548177,65.89955695298397,1.2836930240998705,0.45043038794712054,18,1882.9692596204354,12,7,médio
22.210389329004833,94.10979614781792,68.56232226644623,3.276502983183879,0.0220854216512327,100,1083.298725582242,11,4,médio
42.53352004867391,33.06914921873527,33.208574148394604,3.454259321517398,0.012697860438325187,113,1368.4443837493657,11,2,médio
39.07167927257052,35.597467741392336,7.147192183349347,1.210900693974088,-0.027689425227208547,66,155.17534177127783,2,0,médio
43.77594187332794,12.104546265189999,35.022518183969595,1.5863146982017273,0.6437673473735441,35,224.64479500011709,6,7,alto
14.350402821994066,44.85183228893637,18.458767216564304,0.9298725384429419,0.6118820852292892,3,2073.56351046583,3,7,baixo
35.58036163212755,28.494367361136327,23.295716399729933,6.337406894836772,-0.04156900914542486,74,149.17913920624164,8,1,alto
42.841915988736325,35.90480319598798,61.78140454700046,7.350315687037998,0.46027007559697297,104,423.4978140815182,5,3,alto
16.343157315798106,80.11146112300649,6.0421668820709495,3.102537476897011,-0.015323844757310107,32,1989.5816473761038,3,3,baixo
12.327369357837213,89.19360621747461,66.20649739845616,6.260338947928953,0.8037457706089417,27,2.8648765706407175,12,4,baixo
35.939222725152064,21.715976480466708,34.213526865933524,6.657807391335185,0.8071174191801325,95,706.0108221146608,10,8,alto
30.106558961296916,38.52580383981193,47.6851144880476,0.7440984854536336,0.5982329898131301,79,1460.0966445665545,7,3,alto
39.46400718653952,88.57675059038547,7.17217849885432,16.933222674632965,0.82618892143945,8,1488.6248286732414,8,4,baixo
14.892033181920132,10.562761462030037,26.98872626858237,8.602739822345336,0.7114530304136906,74,1942.8822705736839,4,4,médio
37.834355915096154,13.312447530024066,7.1760735211876625,1.1438182048445178,0.7285385759270494,5,1264.815636230426,11,3,médio
17.056956201671056,19.651189028560644,76.92349783048877,1.0299884007613223,0.46970785056993325,48,1273.504673827426,9,3,alto
15.727958000299658,58.56915507141873,64.58093194610004,0.671436365891786,0.20605919821617588,90,1813.2764388517512,6,6,alto
15.749302927584754,18.542504390539772,36.770620348516815,0.7446963623142673,0.11779911511642158,75,1246.5611581657088,1,5,alto
38.51011520809837,92.12687433056601,17.888203865893686,6.894842286584781,0.22720002203892917,21,1521.2277164090422,5,3,médio
33.281902724367,45.20430745326683,74.67640841998818,3.171130698732136,0.5284954300890621,103,2244.4351706376274,5,4,alto
28.307289866919177,50.13661643151497,27.567727658157743,7.63777310007118,0.07265653583239892,47,1003.6275190309299,7,4,alto
22.559066944322588,27.199275422486583,12.87875453498998,6.857125184458923,0.1586402366373216,100,962.8126772980555,7,3,médio
40.70201892845879,47.38642271912602,45.05315107631639,4.639447611455948,0.36806086279546446,20,8.872479661928278,6,2,alto
23.73557875979224,64.57222693733104,75.50192962758528,5.797652560254037,0.13305009852461555,32,1533.5656538030798,8,4,médio
38.5809803815052,72.60594232586385,0.306423240025806,0.09263140519719607,0.48864366971606166,80,74.42976851782996,2,3,baixo
25.369721799957645,72.84812744389217,19.049987460319898,1.8682165273965856,0.8231760284563299,55,1260.3712243207906,7,3,médio
23.193055029871765,57.01020014246795,75.0758112328326,5.078099851243767,0.6480893657031265,28,2010.5844725805666,10,2,médio
26.193792498436224,86.39237974944714,13.686877348572963,0.046944457554210124,0.566426614148913,52,1374.8026762991578,7,6,baixo
20.548225595744974,78.56670625754984,9.059476131185589,0.16766470336012135,0.4827214759837788,39,674.09041304169,4,2,médio
36.16632830616879,73.1343303228763,45.61497726398436,9.548932081517485,0.3879479092570649,73,1965.4210536234282,12,1,baixo
27.59521365323677,10.004496951241457,68.94750586358639,5.76045872365548,0.0865638596346597,17,674.2925102063472,10,3,alto
18.127444330138605,5.619016599768438,38.168785415514094,1.5419397229723182,0.7947104554268656,46,1832.5794523647469,2,0,médio
41.4851100646099,24.120254947592567,79.56514053476198,5.823164980405658,0.14853600201283632,115,1525.646137975578,4,1,alto
23.4361927480624,64.7171234522107,54.33373596303943,7.862075688433617,-0.008691122421839254,12,424.99074187000303,4,2,baixo
29.0243501389896,42.007773999429126,5.925992576835819,1.8321423703721766,0.6500151792286952,26,2262.8346871104645,12,2,baixo
41.72652388375914,41.21656333693806,79.42657053455802,0.18351379231351433,0.07561553433116638,61,501.6092073929893,12,5,alto
31.84832985698972,84.61281994066523,32.63153894241523,13.49885717582647,0.27189599954117605,73,2473.9676853516744,6,6,baixo
14.091431424792741,85.60065633186548,22.992202707638604,2.1169732166470743,-0.07171507170902028,95,18.27622163735193,7,5,baixo
42.894124326471626,86.82577376482271,44.630334686230846,0.5629426708266091,0.03706794254044807,104,658.7084428572576,3,1,médio
31.969781857499626,33.24902688635245,24.344607345669147,3.384960609307134,0.07320363075991207,44,499.6507431854971,10,2,alto
21.721696512998015,67.19502314653356,6.916600569612186,7.315181517644781,-0.045589872249822055,2,34.98352542615657,1,3,baixo
14.874522543218553,29.446986314693266,0.11426744633413755,1.2528776720497432,0.5566569566228452,21,1830.919750368289,3,5,baixo
37.790881624460354,22.15488497670048,35.966668233620986,1.5700621362952063,0.7370077958031173,26,1733.5645052489906,9,3,alto
31.702546457497974,21.616921161263228,66.94907377812739,1.3900779641789458,0.273315406365941,54,1980.877410887326,1,4,médio
28.671138219171254,35.789685877723464,45.78521485040612,23.941291881859378,0.7745764767182007,66,641.7463661614131,8,6,alto
41.28624040678352,43.69618578018395,79.93658391547527,1.0995173660208828,0.1133465745601265,32,1110.8379177074248,2,3,médio
37.60090239285857,79.78542539495615,22.947731651775996,4.284454498633763,0.22539042356123948,1,1647.7838040538686,6,3,baixo
15.308620790646291,15.790198412544088,22.436405180804428,12.969009804534561,0.05073699303116838,74,1099.4212597203589,3,3,médio
20.91027237284419,71.14332626554048,12.779956818715537,0.7943724156473632,0.5205591954189986,45,1743.3144257947895,7,5,médio
18.6971198935063,52.83094227703748,13.125087061226814,17.677221928697474,0.31986959087030686,73,1584.9335211011053,2,6,baixo
36.038120240043696,30.915080840839323,22.814927680803827,14.73254286407794,0.5132833468418987,102,286.6195075554412,4,2,médio
11.173635215752277,49.353762607954216,63.42720362188217,10.795541039520485,0.6616749053941836,118,1952.6078026924201,10,6,médio
29.94613897049608,31.99478627993204,72.46054325091583,1.2075338986895965,0.4457030160329485,32,1801.6908977312955,9,8,alto
36.68605400092417,58.64737597144754,78.0069735766145,5.026361915777263,0.5276303549017879,57,1639.5859690435134,6,4,alto
40.68679728666123,44.04595305697198,18.583172327716213,7.154188710445557,0.835250314394333,6,387.7340156775058,4,3,baixo
21.97286120505676,19.796497617099085,70.50380364912733,21.353474064730488,0.1990643096088431,14,669.9911219884092,2,1,baixo
38.744005663520454,15.492476710012705,26.260407142186963,0.9948396426841888,0.25916393863395315,25,982.942578969001,10,1,alto
13.872110793432253,54.20261138649171,9.027243561350753,7.262724257282514,0.6177033617093369,10,699.8240541411085,9,6,baixo
39.62583021070814,86.21717299574931,69.60199404161325,2.0685034121829036,0.5113055170553867,37,569.5257266903286,4,3,médio
14.462103181619383,35.956191790191696,50.88845077148949,0.9656576665250725,0.07853290453971482,26,2013.3941754044392,9,3,médio
23.905055169612854,70.97000965003609,13.178471686484938,2.7355201725506713,0.2761473100104902,117,1595.580615900506,2,3,médio
37.90533780228438,64.27952194457902,34.386500601040204,7.895414421483306,0.367838013124715,102,1413.680328875626,7,1,alto
15.247109957207083,88.83994228785329,22.980615590165414,3.1260391537317433,0.3193898379683894,6,564.8817771331346,11,5,baixo
18.02379883314245,78.88829155692268,58.94356549681576,3.8557933483099456,0.07827480832204078,0,2295.191405671603,11,4,baixo
35.27883989375732,55.99447330149167,36.27329844994144,26.653593530993867,0.8244300917842623,73,477.95759774329065,5,2,médio
35.2012787791126,64.13274484106967,79.1423956085108,2.546711119051572,0.6623187616939759,20,1987.3773320616929,8,2,alto
32.4401671509854,85.85478199256313,4.37959858076761,4.777767040759498,0.3813558321078523,78,2416.6816667632324,11,4,baixo
34.2881955563485,40.95669061282413,28.401221290899734,2.272574617641378,0.5800610283068366,29,1817.7318230605902,8,3,alto
28.995355517165866,34.41152352719996,38.55201336879819,2.494367070320089,0.7972826721355218,93,2482.146937961574,4,3,alto
18.812967061743347,5.972997527167671,40.25068437986558,5.947732715920999,0.03617414236157121,7,1627.6277924448668,4,6,baixo
22.09935977263718,79.38959667723178,25.274865790850942,13.893997936558929,0.15037305070697768,87,543.6508590097375,8,4,baixo
16.3559200880499,77.08826303630283,58.339219927805445,3.908350684239724,0.44270124725664506,82,509.54873429127827,3,0,baixo
41.79576964667699,14.400906629013624,69.97976587911798,7.313716132495732,0.6990103713523587,2,811.4107106386908,7,3,alto
30.418712816814217,56.917164301943025,75.09754415822904,0.4671957298947974,-0.06374510455847263,54,17.825050552515155,8,4,alto
24.029799586727396,46.75835283501986,64.4074701439621,1.185946395634184,0.8840181501963605,14,1704.2461752070865,8,2,alto
26.170203127544642,15.683818595820032,68.04641578452795,3.487097880485479,0.35490660288239717,35,671.669461569569,11,3,alto
43.15491688641354,93.25114043546512,44.04362404959964,0.10107335137790119,0.25923114062172303,5,2037.958080731882,10,4,alto
15.367299109062806,24.322629871701988,66.07105811414516,1.4574798724448472,0.19272443783977186,41,897.9316263982506,4,2,médio
30.518044120587902,11.051076208150503,24.280312731836176,3.642848992266117,0.07435670765087163,49,1199.8912336582819,9,3,alto
27.70610376095631,58.536264155171864,31.87830096873715,0.07537122976360161,0.6915739089300279,111,2414.222291400923,10,3,alto
31.400898240212673,71.49800094197295,25.353041105483545,1.5363383628373983,0.8554141647460966,17,605.4303076181927,4,6,baixo
10.633856433729418,7.919910144246827,37.390986835834035,3.6080503582591685,0.3136447548453982,101,1803.1352435743488,8,1,alto
40.5243368130453,64.28458748543198,22.84636929909091,4.25660426870218,0.8524206947534563,82,1887.7944732635428,6,4,alto
42.624139886926436,52.9062688356309,76.92891538035575,13.00170151825478,0.7237976154350342,112,552.4953938090879,5,2,alto
29.77966142562231,14.293850798754358,25.02757024045345,5.1830577518572145,0.3810511274763183,49,1252.492091530489,4,2,médio
34.38277883569123,20.527148925172586,7.843563048875186,2.678459570464366,0.5740261791261327,29,875.5048132824209,5,2,alto
42.28747834120535,56.11768675844725,42.14537328403307,13.321447397946372,0.33498417917046297,76,1929.765608500223,11,2,alto
34.75335220096895,31.672185216195953,4.567926275614109,7.682865677997236,0.4587234082125524,38,1556.2082975725934,1,3,médio
15.338866501999147,89.44841557861845,8.843453304686442,1.1157735138366074,-0.04195366298149619,115,1189.9576371513676,7,8,baixo
30.170092605838462,78.68662065356457,17.551151135699705,0.7011538390388607,0.5962634753005331,11,1948.4081626192956,8,2,baixo
31.235026623399957,93.52104858622967,37.148019990571335,5.632152804780737,-0.0471753555158633,97,587.8889250210426,12,1,médio
24.84457349558351,28.370375505537258,34.66007458472223,4.103575272689185,0.7170849469196495,58,1884.0547014608976,9,2,alto
35.7755482468653,92.27512695181794,63.97534896022329,7.795473673900642,0.7249469294605575,75,2163.435780232061,3,2,baixo
42.70284551691552,43.81104828124021,59.15797231072907,6.7124410795590785,0.1370772875562146,43,2196.5539920189312,9,3,alto
42.39489795173717,36.276691578237916,34.105463519256105,4.906967512286075,0.22366278103580026,87,1959.1839825490094,10,2,alto
25.77937799914462,9.531457427241792,26.696336606050394,21.481877175458525,0.3813103785582933,3,1020.0354174956719,5,3,médio
13.963331604426434,9.748873207364236,25.317502724919887,3.8134481234972384,0.4966629069324815,35,2454.5200567945676,10,1,médio
44.46944196368171,67.28101303519892,61.91960698352072,0.6001476660395891,0.18735366174199672,113,948.9841095560997,6,2,alto
39.361433025607695,46.213609499062514,4.165792497701579,8.809262807309068,0.49248640463192506,47,1596.5634977560642,1,0,baixo
14.36319384211434,25.386946343249512,1.025731960848466,1.4507814028807295,0.19778707322929887,13,402.68544517367167,9,4,baixo
42.22946589160803,60.257327569270934,63.643551354131844,7.509696753371326,-0.04450927892893933,80,2451.122246590982,9,1,alto
40.44637267217449,27.757230642510006,38.17171007912394,15.745244373280858,-0.09747245016809106,48,1759.964804661658,6,1,alto
28.159331999412522,56.98685789099803,10.470491084286078,5.966739148456275,0.001151057918428594,66,1883.443863115921,8,4,médio
30.694640251072524,37.32878722844213,18.8452747675601,4.532075298121053,0.6922507001640182,101,164.44175852786154,4,2,médio
23.96509463545456,79.11970039506372,74.6003162477906,3.0845076769873465,0.8614313123833371,86,1908.5445355516795,5,2,médio
11.916657358771097,78.86265446901014,68.76023804999184,2.2660068338695587,0.3269661992812193,76,1936.8085730515033,5,5,médio
21.731903457606535,47.96153583101612,56.782804017917805,2.1770816379338465,0.4126839534499428,8,1679.4318159055747,7,4,médio
38.099870700930396,36.5737198401514,38.57801842698613,5.058129263454393,0.04684816907342612,20,729.7740344758591,7,3,alto
10.1621208051611,37.63038169031851,41.62589009531086,6.95699919837484,0.45103135268015704,104,1224.2251054022038,7,0,médio
21.672471009190048,77.51430731013961,78.0195628227167,5.674054149890397,0.04465490200697683,71,276.0859282717912,5,4,médio
23.935904275683015,34.53615345178508,77.26163551074296,1.1057907501015414,0.5112143311988301,80,1178.9676661478816,4,0,médio
28.8088461028273,23.81534363361614,17.221523662866744,3.4059663716540727,0.8332586675808539,15,609.5596315010121,8,2,médio
42.19494657444662,12.621950768777614,64.88836530442545,7.842441362697825,0.09569853930303959,15,872.7424662352051,1,1,alto
22.122109802808644,47.00238087959676,15.779413293361344,3.2284950889209494,0.664563718057102,27,406.50102100924653,1,7,baixo
22.14336206636797,48.391888902785766,17.08299823071611,3.846074525254472,-0.07649757718167596,50,575.1359193672425,6,4,alto
35.81254368384119,80.68178393626164,54.08744273316614,7.373137743945773,0.275497241321621,55,191.42160455029062,2,3,médio
25.82762793114325,24.91148268014576,32.40008788700387,5.4126904617773715,0.010748507830509041,79,2299.7534160923033,12,5,médio
17.861168802899368,39.28921463015599,74.52355256852161,2.6326152721218268,0.25247544159569946,56,1326.0267199385084,3,0,médio
25.83538306464427,77.75651650043218,7.120778791680706,11.288666283344813,0.07353691963888351,109,991.8549281568493,4,6,baixo
14.929995713292996,79.12612496740762,40.922051264759446,0.8870705023794605,0.27330499012288745,51,1337.5730319219597,2,4,baixo
16.173544527717816,39.61499683808914,73.4817224354497,27.036699106110518,0.31752280610753036,45,1570.7330712038818,10,1,médio
27.442872045881792,46.32116209580128,72.32909283836041,0.6326516636929013,0.20059112278091837,77,2304.696983423373,7,1,alto
24.662390732659176,32.29573017643546,12.522337073259298,0.07531424171368568,0.5566219494731292,109,446.7323807157833,10,4,alto
42.0196065373835,88.92993905773808,29.331016007716517,11.03723378289542,0.8188520512589097,107,738.881246588044,1,1,médio
22.683786469082158,15.677938916742228,49.529712003735696,1.4048797665287125,0.3005953741052724,37,2439.4733408602865,3,4,médio
30.32059225973152,89.0374480701323,12.751590781712174,6.541107237025824,0.09234315647502142,83,927.982466621311,2,3,médio
32.12925007718356,66.54798066518089,77.4417737636591,8.330448080392095,0.17072275819598334,108,56.40412689331909,9,4,alto
10.458305980591676,52.841493741805806,73.17994629821283,9.794494378793829,0.754000823496369,47,369.108731592897,8,2,baixo
33.22380802058487,7.939315470604629,13.356014322757535,23.89418789012491,0.4716397232701479,40,65.84675437138004,3,1,médio
16.2312588404413,47.803657263980746,9.692436900878834,1.7409814479318446,0.3550110323069573,97,2474.807856051821,5,2,alto
43.63746111143093,41.6973294502459,6.832678624661224,6.1935690917277695,0.0496367215089267,117,697.1771224780576,3,5,médio
15.203195471358953,19.50969307776103,72.75549312293049,0.6130977667042807,0.34972730832378196,58,2308.856892340565,11,3,baixo
24.511844330445832,64.07686431505911,15.489904783636863,2.6111966597551173,0.17849200335738666,92,2489.7156893992897,12,3,médio
12.987238382752535,92.40358166314572,33.30279428354838,9.418442736337692,0.8431631278533492,66,1499.6030528577855,11,3,baixo
44.890598814608154,55.59699299580726,35.908109252160244,2.2916248239836765,0.7840701094157313,73,82.99078766390438,12,3,médio
27.57682536159349,69.32779487995512,47.9208835370854,4.471366771896142,-0.016097458171801998,83,203.9790759673174,11,3,baixo
30.838475606201534,11.160540730941511,5.738827499793997,3.5036134492957545,0.4166534892612429,65,1203.9726377696943,6,0,alto
12.347676708594962,42.590029623529524,18.140689392041274,5.191607287290797,0.12505834551467207,26,1015.430032278715,5,3,médio
36.248616463971224,15.472263664804629,74.51923095351408,18.040072694302992,0.3107770895242906,31,1515.443264454419,11,3,alto
17.3466957583455,60.151625198285934,72.67280858148555,0.28674494735201683,0.7768479982514565,55,1097.11952427841,2,1,baixo
41.43190013042498,89.46339423927391,62.50325179245537,4.266128011447328,0.42751451988854483,9,2335.192123178711,10,4,médio
17.17988741687025,64.55999592244746,1.5520996494572348,9.939922213708055,0.23421529337075983,39,1336.8492885337776,8,3,baixo
16.67407022322833,11.912274348297938,26.16054147968817,3.282945350218805,0.10788835410499706,16,1734.3151536561054,6,3,alto
11.27923837468332,36.919958448657454,50.236698827432626,0.4089100207155998,0.7003248594064893,57,2241.2131816062415,3,3,baixo
26.522343078849975,54.55970414967664,22.015216941878055,4.111035524627703,0.5245180153643472,117,367.17968958301844,1,3,baixo
29.769439664191573,41.2886980519927,72.76693560430219,2.0178886328475074,0.36806546042623123,96,574.3366352963214,5,3,alto
12.299802379992332,80.0279609427655,50.71115694659535,0.8417488045339155,0.11748435386297804,5,268.29665118503766,12,4,baixo
37.14346658432537,78.32039042389903,5.752537385315648,9.453520165416688,0.23424637415713132,38,349.0959980747807,11,1,baixo
25.86510921618097,60.06479180928993,72.72044710685624,3.6865352917554306,0.8598434267385185,110,1281.4599173355828,2,4,médio
28.353659426465303,38.611215061943476,76.6213326540978,13.535983755401539,0.42008993760583435,17,802.94814741866,2,2,baixo
25.426696142837983,27.980273638691973,6.216993471338039,8.199910994057335,0.30069928124325296,72,1057.9320988168872,9,0,alto
24.02670713063641,14.528688639181638,42.58881878890519,5.904078293283154,0.4214220423483239,71,2456.2245794851547,11,4,médio
29.587411595787625,36.94079151378986,24.269142577133636,0.02519086837481973,0.6789885058996087,88,391.7608694898703,10,1,alto
15.433408607574938,42.18552654869476,31.42712611851219,2.7915384649086783,0.24010893650286877,94,1352.0301769951889,7,4,médio
16.36748456733449,65.82406325936662,14.372097436427351,1.1000316480473709,0.07870612093260884,41,247.17788763412742,6,7,baixo
40.162496735473106,64.23438418678161,46.245768160993,12.084254104678607,0.4849361183390478,3,796.2407831596965,1,1,baixo
43.11404117467715,11.309732567713127,76.63834825991125,0.9593387937297861,0.5652041034810672,19,1318.8148091864964,10,8,alto
23.065826069791353,40.5733383888042,40.24580802172872,1.6847821307252178,0.6127180029585496,27,2366.5793649133443,2,6,baixo
19.476063560024382,21.360098049562573,6.633166511558493,3.6370036371122785,0.7819875907661297,39,978.0705532087075,11,1,médio
32.539984013365554,19.113143478512512,49.600106678192674,1.528304428728292,0.27117412068911306,64,162.26674053667455,7,4,alto
24.305695988433374,79.45719347635213,27.217839556100564,1.1777552680346046,-0.024645103771108207,103,970.4036199007924,3,3,baixo
10.88852244811207,8.772369504463178,68.47401516730383,4.570207879398742,0.8583485836309422,118,364.3529396849443,2,3,médio
15.465340907816662,42.72645883119092,34.774251865317616,0.46567511103148357,0.3350119274374752,43,574.9740332286133,6,1,médio
35.05902800965892,20.13832901898664,15.427168715379649,0.2996405403971843,0.5232575096731313,22,1545.226557912476,8,4,alto
33.062337966855296,84.13971941106266,15.288449815291596,2.3280289312351723,0.5663053231282923,56,168.5596655092042,8,4,médio
10.948359737621923,55.13364619475316,61.50113445769283,6.376707738882974,0.44651370870120355,46,1161.8093906250933,11,4,baixo
17.76902566765323,25.824257273916324,21.24700786458879,4.046234200029128,0.10525752973627009,12,1523.653965026911,2,4,baixo
18.0876178805825,50.218455844973874,61.37867153273784,2.7484947130503983,0.6551430501161415,15,1054.6459809187422,6,3,médio
33.516246025955496,70.83377237328042,16.47098486132795,4.170692379982791,0.7037519743040817,89,47.8158765593259,12,1,baixo
10.689868821402746,91.23062080274904,25.734909496104752,2.2742076621170173,0.4529755860174398,54,2463.7983922571634,5,2,baixo
13.643800369460084,24.840140382087704,37.23895779517595,13.755806523807674,0.3885611605848416,94,917.7894183513382,7,5,baixo
37.99706298806163,84.75635949164106,75.45566797547606,0.2823485600692648,0.01393818312798531,113,1946.4429673331674,4,0,médio
16.249063171901675,89.08737027507412,74.53851398030596,5.594965044295441,-0.01604833850021617,64,814.116230468633,12,5,baixo
32.84611377481561,87.47784900788596,16.549750033783024,11.095020101822522,0.23956484556352872,80,1187.5418924835471,2,1,baixo
18.33639733663543,62.187292117571886,28.657523299445824,8.145262859735617,0.21084615551739325,15,971.1591065274913,10,3,baixo
13.48044874657708,61.68385889912369,11.951951076301786,1.016956065269416,0.8536564509632713,118,856.3480737740192,3,6,baixo
18.51102668498089,41.28895698654405,40.79880634507977,1.754361551852207,0.6836227424434298,36,54.62844301944686,9,2,médio
35.27934261494807,72.71580940734091,36.84660405557332,6.31238895206279,0.55992429525906,51,900.0523446362588,10,3,alto
39.94937638372,52.81646165158387,72.06081299605859,0.4401716411153974,0.4176480890176051,116,2223.724975998825,8,2,alto
39.05769525984471,65.9694264105465,74.40043022328581,8.352889737068427,0.06736753072665133,9,1725.9833464842093,9,5,alto
23.90142353664592,43.56121134639159,30.685391280583367,6.345347532395129,0.8784566721842839,37,363.5571477385996,5,4,médio
33.382979779972615,70.83468176388251,39.33903544151916,6.539387627415336,0.27504069824021005,43,1477.887511556848,5,2,alto
17.174450339553733,79.20243658440941,71.69889993169065,0.5281437040659497,0.0069256024472448,94,2230.577149872179,7,3,médio
20.260170559135464,18.17926309425345,64.53662461960492,6.324997182475949,0.3937988957157461,73,1750.0851024121387,7,3,alto
41.37175364823919,79.96367440168052,0.29250490757194214,5.694330429776984,0.7739980116130832,53,371.7109808917418,1,4,baixo
10.455067322875761,53.62668786112765,25.604765134686602,8.886990175046721,0.7872910017773295,112,2169.5812418362416,12,3,baixo
12.992798579906383,81.01993181812018,33.74193935489007,0.2124291618245035,-0.08903408394355275,97,753.8600332221635,5,2,médio
17.276018930110958,43.81715357069132,18.37730269465854,0.1169095355984222,0.7862957447513997,50,1135.1903607808545,8,6,médio
10.92862713558369,39.11364368447315,15.9657292716751,2.334100309918004,0.1714842174998585,51,1315.3568992228659,7,3,baixo
16.350240228142905,87.35546592655001,3.0227605276543734,0.8054719810726125,-0.06102763603157693,69,2126.2665109454883,11,3,baixo
30.406454633939227,27.605234079356116,51.46957800558084,4.086578171036312,0.7477902703628744,91,2329.0187378691526,2,1,alto
24.749859270737428,80.97910927575288,21.000823238653254,12.465635819494986,0.7638667559882083,91,2324.13219447639,8,4,baixo
41.24350988769412,48.56185152584637,4.187774274505047,2.483625281183691,0.49623107984235004,58,19.885453196351598,2,3,baixo
38.61052466084543,51.268589829613376,18.478344842245093,9.320050333352635,0.4744337572963584,12,2304.721213963643,10,3,médio
21.963607309425658,32.76214533405356,64.15311622689012,0.001204517663962752,0.7131202726214194,40,135.96741500393082,1,2,médio
19.07982017009524,56.57379805571141,68.11913453172373,0.9227079569960918,0.6863095527102798,11,664.4341420435884,11,1,baixo
23.28923428585434,34.26900766485902,38.64529961546421,0.15447970828920238,0.7901054734427041,49,1287.4696368195823,11,5,médio
30.660322988018272,8.534247281748709,33.285653632694896,1.9885799053534146,0.4527474475967035,103,1199.814222510985,11,4,médio
19.382227428800668,29.479874480992045,78.22829548014253,11.940148255692005,0.8676470927328087,56,1511.77448471848,3,5,médio
31.84521177471969,5.574113906593161,16.045172767045592,0.5098985385019974,0.8961468309333385,49,1198.6155718425146,3,1,médio
24.329407826693416,93.05193083511709,17.22874262836868,4.662224767003248,0.01654460999863258,118,2335.939199101052,6,3,baixo
29.321651329819307,91.91724888377728,23.349374162911978,3.0028029784170016,0.7495437595541221,56,601.3721205364675,12,0,baixo
25.264428519736086,40.56397677250745,13.820585462486985,13.941006828007138,0.39982225774858904,53,685.0617350962146,3,8,médio
20.30630158396712,70.55337689056815,30.349247856334927,0.6535006936857533,0.28756633829983214,65,2301.8448392326404,7,2,médio
43.19586574367548,36.12254885693825,72.8667381591803,1.1914626651289326,0.513072309882715,7,191.84878436314057,8,1,alto
36.72620279559163,65.39838413773785,49.22782725028594,0.14993560813517737,-0.04403444273799298,105,1523.9020547620246,3,2,médio
14.90396115182584,77.48870387413812,32.95572388898109,2.8452340368877973,0.4064611187670799,62,1704.339880164027,9,1,baixo
40.396379156426946,90.20806202230166,74.75286356569718,1.6274936291073643,0.7708905700266667,8,1263.8543085743486,1,4,baixo
27.060091938732977,41.01910482647048,3.8771385980657858,10.197487523646135,0.1134615161389688,59,1735.579697057843,3,5,baixo
41.309327941293205,75.49681846604429,16.82209423214891,4.643598426501121,0.32638989476942515,119,431.8866150299175,12,1,médio
37.99493395815603,28.93356055689069,45.27108840814072,4.760765048135412,0.8394808877148755,113,2131.58058192885,3,1,alto
24.882472656423168,94.12990734142835,49.24420985545433,3.7954809131917684,0.3285638378056973,62,350.06422367471396,7,2,médio
10.78642579120411,7.319263888791603,3.1646005250090514,0.48173043561603934,0.25836763233239834,71,1002.0311107893742,11,2,médio
19.403707578473114,59.31759258510088,32.243100632570574,2.944104150861848,0.34053664812337825,114,188.1440032705145,11,7,baixo
28.957197513130343,64.35553834861943,51.93231718646982,38.05668059191408,0.41945276651755636,2,1363.0276970435004,5,4,baixo
32.171737693915155,66.9241001366716,55.84564371227213,9.016002065098697,0.5319913441314689,72,1674.3645185640978,4,2,médio
19.02606899016208,15.834882091018011,51.051192201301546,11.196129499035516,0.7006928009167311,12,2353.0540877382264,2,2,baixo
14.877462592548845,89.46768051258174,25.645057948873962,8.664426153272348,0.3521022057643143,8,1848.340489740002,7,2,baixo
39.222558287975474,21.306495114507452,7.481609887832761,0.5437294948730497,0.7174809350901403,94,1352.7572911353777,3,1,médio
44.454076324624324,61.047806291585694,34.16899571354673,1.290281437121239,0.43372066135208065,88,2331.5425429258344,7,3,alto
28.399156380594004,25.040847121077647,10.300354989444438,0.01563266936831929,0.23848051036797766,51,1196.0920951021915,10,3,alto
16.008775004690623,32.649477531914386,75.80989268165337,1.8085101133175128,0.5579508281194142,107,1403.0141327471736,12,4,médio
19.530756428177913,54.18126875553119,38.01366928181026,0.5748516134232788,0.6177222547434914,61,1490.2463191752395,7,3,médio
10.643673679161335,42.547407670811886,25.380733948549405,3.2008133657634206,0.45804897562948754,118,1024.9493147164171,11,7,baixo
42.000458229617465,19.420304087885565,61.304325689512005,5.65248867570898,-0.043385026865276594,108,2096.2067264145603,2,0,alto
14.12128790115494,20.384276217876348,39.83588740658111,10.377458564194246,0.06988287516082489,7,462.9398471126478,7,3,baixo
30.178076642998874,42.63303093465197,24.802721920996007,6.915839569584281,0.1852977208902282,110,1387.10547592902,6,4,alto
19.59193272405221,73.15546804479507,64.95741939126414,13.950554374505995,0.1826256059514931,94,1805.583140467985,10,3,médio
29.396230088052768,85.81681821630097,69.37217208008975,0.2770260013482994,0.5734208002468706,44,2259.940429691443,4,8,médio
32.79971359231524,12.571489603344457,53.84065330309416,0.06127308727113244,-0.08165133832636742,52,2209.795991085696,11,4,alto
39.04096312975206,40.3793516803461,3.7571537926133836,5.413765276347773,0.6556817770495199,108,1271.8507235753548,5,2,alto
17.22474451162111,14.022100735058897,45.30583041332257,1.7078931318856267,0.16534247480693318,62,1607.903627908354,12,3,alto
10.384854003046817,6.4933232569338095,61.063592959782525,1.461805115817974,0.2100218462161024,94,985.5943403232526,8,4,alto
14.790997052408255,64.5546814379561,10.920240966686574,2.0090122767902012,0.4279098279439243,80,1170.4444072005008,5,6,baixo
41.50065246468368,59.2204497769929,18.29366011076827,1.572157055534071,0.11592560093895751,110,2265.6644814326237,3,4,médio
40.58615271468803,19.67172024333976,70.59960840545091,3.5814281719959036,0.7844713135755276,56,2326.7599829811847,2,7,alto
30.90945857596079,26.04315497837577,1.609737748245923,2.9004180736140563,-0.014631220673434725,53,2238.535145167549,6,1,alto
31.01809011517787,7.133697828006654,60.21817102607808,3.5915921900231824,0.3443823623010649,18,345.92715453409556,6,5,alto
33.27628360911894,80.14524851249634,37.90186340115383,5.584598427849748,0.74942226945489,66,2125.2100533265907,7,5,alto
16.137994751820735,92.72215364436963,35.74177270716855,2.448016338932204,0.5158438944212358,45,2370.9093275537007,8,1,baixo
42.004418107373596,17.191358311522173,0.567722599590974,1.4471358855888488,0.19232951584263344,93,903.1242364340117,4,8,alto
24.65696837122256,25.832769238876832,65.55185847731943,0.9088117867280439,0.32076020777646075,9,1296.6157235541732,12,4,médio
23.40984848873241,83.15685715522406,28.785992050925316,2.1498709816078816,0.6066943803425147,112,1947.7381395324896,8,2,médio
28.162119684899313,88.38174181605663,43.26125050404343,6.770229396484067,0.8732607433638994,92,1405.1953439141218,12,3,médio
11.643808837126926,42.76646445261293,54.18405490685275,7.067401053505767,0.7931387183794335,103,2483.7088042656237,1,3,baixo
15.819917906462779,9.55602250421667,56.21036611503327,5.496643526429264,0.24243280838237677,17,1139.2834128920708,6,2,alto
35.831176574922964,8.545265032353747,76.47840470608578,1.3330494615149402,0.8981978792878575,11,1784.856778018444,6,4,alto
12.897953377379427,56.65548794621094,42.50719625892873,4.434706430724685,-0.09649533646894173,48,1981.4778504913604,3,3,baixo
31.110323831323587,40.36055980038611,31.977564077954206,4.227876109968583,-0.07237024419158491,22,1235.2510393960986,9,1,alto
18.587218838846233,7.578718481988906,76.29629011933663,3.3108226721300986,0.7238405151711939,61,2142.4595142784397,12,2,alto
23.62534649146918,57.49271530813011,51.36881880204169,3.9923050019164648,0.09946268683305201,10,1365.386478017991,12,1,médio
20.104280786974495,6.017228293012023,23.852028502124448,3.384308879028172,-0.039230731603759145,72,1029.1269920040786,5,1,alto
22.44854507627322,75.86347623343457,10.117139632285692,4.167294580070368,0.13714807323650222,117,269.55918462986756,1,1,baixo
35.16660668144859,32.57895404330344,67.40436011721451,6.2852147788089,0.32610015398086023,55,983.5339408760605,7,2,alto
20.399260046811126,8.623220270830888,28.974528223532126,0.5805807219786464,0.6305662704334049,87,1834.8411368332104,10,2,alto
29.824162410391402,57.9516998884838,52.837577709154495,6.923992445453134,0.5243355265512055,88,2303.216029200268,3,3,médio
26.66176407696849,40.79159729897492,37.66531354927185,0.7302537408671039,0.13762121756042042,54,629.1985096507757,10,4,alto
33.228490787692685,92.64203720214346,15.914382383603067,0.3447572103528152,0.40327044810058443,24,888.0887933262566,10,2,baixo
42.78904087636653,53.977879625333195,48.134928689637206,18.665136160770604,0.8262141053985688,110,384.9024852610655,11,0,baixo
35.640023402358764,29.771526293330744,4.854645516054585,15.731818799948572,0.7150077769837577,8,1726.807235572422,4,0,baixo
17.52291325067649,68.84949781705774,33.06739678969538,0.3116996055041094,0.2231897848317934,11,2400.471075024813,6,4,baixo
11.091409727144963,29.43428022884402,43.729195173093686,2.928225771143809,0.8822645613556963,10,1602.3805496204388,8,4,baixo
19.179241550493877,86.38189622668087,34.88375792948632,1.0304793263168646,0.608620400435131,112,1542.6913250155658,4,2,médio
30.82772757450892,38.72497734566388,59.89377402007926,3.3212915292168503,-0.037550644333218225,37,1383.7248262510848,12,0,alto
11.799903471948763,54.48817064985847,66.233996363625,8.864999958516936,-0.06483928671136133,27,221.1393517138413,9,3,médio
27.37281865204327,9.551579344180597,61.69944592265424,15.040216191592963,0.06840794901002997,7,1823.759566073459,8,0,alto
30.889499712091123,43.35091141570077,3.105035824944169,5.029062469656442,0.6278558680501468,73,1505.123858873377,10,2,médio
21.698536178593628,79.91271856948954,15.530301635677777,2.184048799361963,0.0837389258424279,88,1653.6919221407177,10,3,baixo
36.98192713110377,77.50839248270077,42.928600741101945,4.623196996639145,0.41148676920883354,46,2247.027732568554,6,2,alto
13.730938859682013,25.188670296817364,74.7857632355041,1.869841697320203,-0.006739879819168265,35,1959.9019676525447,7,3,alto
12.629822360753307,25.347116390950642,66.79654200416935,12.029939898739402,0.8208861578301951,49,1952.288130386315,8,6,baixo
35.486606467126116,78.55747809919131,67.40276066814414,10.216530342089275,0.24396061358356755,106,2317.959422198369,2,8,médio
27.342196067216946,88.7358578152393,24.25665550077399,4.084849281544591,0.8081320565606308,8,2474.837378657499,5,1,baixo
34.094083874970764,13.58248291457032,34.355831766296205,1.9637236466686523,0.8448756419105443,104,1453.2068299026491,7,7,alto
25.218956851131118,45.505277548360276,37.65647578527499,1.7363796638065812,-0.09387135268631921,59,272.2040400779144,8,2,alto
18.62407116336874,35.370885106780605,12.589726667992833,0.16994568120234613,0.36413518719873206,71,1147.824769438591,5,2,médio
38.66858111859699,83.36196099116954,2.4854504195565053,8.459231796584481,-0.07534394429310712,66,1969.002866154111,3,3,baixo
37.97955576391428,12.517242321201689,75.75223195684134,2.9926699728970334,0.8086927663029059,52,69.31331190462298,6,1,alto
34.314376479904936,24.001334830223367,19.25700685308054,1.9661976923320512,0.41840754473457586,81,142.21859589037265,5,0,alto
19.525079803048694,72.72215038278449,19.195912297890505,3.1848773973390854,-0.025055987301503185,109,167.8944559570533,8,2,baixo
30.65807334041805,9.616446408309402,6.670324301500763,8.5390586394094,0.010276728276566865,98,1827.589395820777,9,0,alto
22.63408639290094,49.32818426428604,74.28062015550228,0.6654529215883148,0.28350902449273907,16,1252.9165714079302,9,3,alto
13.205372566432196,44.7896331211748,46.37896919518176,9.747542665868416,0.8402341928728895,99,922.2448588014839,12,2,médio
42.1059751411785,35.09610610898738,53.36294857002831,11.389893401489209,0.5929091515680809,52,264.04261315433996,12,1,médio
14.78865208216365,40.51150837870314,72.9261509810442,14.659837292676123,0.7676188661891324,27,1830.6006255147229,6,3,baixo
43.25830738372809,52.694652823720965,27.649613512063162,2.5332384211345955,0.2664566463399797,113,802.5495263772492,4,5,alto
25.61020205352845,19.523062254954482,49.72058489104673,1.2240095728588865,-0.05678630045000169,62,663.310175161668,4,2,alto
16.479652509351688,56.47962904552335,3.103956378310997,2.339156500045399,0.8743176372044141,14,1630.7980038838773,9,3,baixo
28.966533158242534,77.48890963699877,14.941802258490346,2.0241672599600227,-0.08282700933763046,18,1397.5272314921044,4,4,baixo
40.553104255674285,73.41448368111432,66.4996644071954,0.9688577676878353,0.847651653081089,85,906.026604533254,8,4,alto
35.62787102433464,18.85099142243963,61.34146850706686,4.673122236542987,0.2686774238491447,69,1603.7186770139704,9,3,alto
38.22964017515074,18.43245227673265,28.05141531657175,3.237277253240918,-0.08990959497811848,46,678.0538009602955,5,3,alto
33.05741783487511,29.1356930970422,30.144850221937,10.038432821705147,0.5891572317245083,70,1987.075654010817,6,1,alto
34.22967975812483,37.49672537069335,42.684354684286355,0.16318200545416794,0.8805403040313542,107,573.2973757691348,3,4,baixo
39.72184780478618,41.76100232676343,0.019280374810763945,5.16226813458098,0.8656257228375925,47,397.0942384550391,12,4,baixo
18.738380310071506,66.17274951500107,19.29954688304223,7.197397293122886,0.06093701120241843,72,1956.0985237471873,5,0,médio
27.129873727509917,10.101238894925187,16.658544688657155,7.124896728123755,0.08124780606615498,19,1769.730076744833,5,3,alto
17.742330463686077,8.120543380345975,20.038635739981075,10.8610293767145,0.4655389146196601,36,456.59743925449607,2,5,médio
44.568380279882646,40.27195066495181,64.4724674026753,6.5288048907034515,0.5373048264283244,74,290.6143817248449,10,4,alto
43.04207688903146,67.74473229241823,22.373908523715453,13.142273003979595,0.6394179136658656,1,2095.99772121673,6,3,baixo
11.379938397897707,22.40918086608343,15.321705764011853,2.0222526135269088,0.0810503604721475,63,1941.49620549172,9,4,médio
34.6951310380491,62.735403313062655,40.341076863442524,3.497933516782039,0.8590070867644345,85,818.1434342491606,11,2,baixo
42.3836911095483,28.384532414626953,69.25160290981856,0.07089861024049894,0.5387392562892379,111,1645.4935205334168,7,1,alto
16.32013707945667,84.74774979321647,19.30797630699999,0.03490952085312116,0.7470469188705549,35,310.400466369527,8,3,baixo
29.878083069342033,85.61209498399549,6.2828994234238955,1.3730173271966042,0.4400657152841718,4,1267.6191476191952,2,1,baixo
42.04209041558146,31.755848385319386,28.512378867973176,0.5312890190527877,0.3142768475898826,63,46.82573015104968,11,7,alto
11.18810925050296,25.699437856691645,59.812145965198226,1.506953829651113,0.877182906594996,6,979.0047023038886,9,4,médio
34.4097093536394,42.017357485960815,44.05524357558357,0.9742584271705841,0.4821213708198361,69,187.10705367851273,3,2,médio
20.407215258039276,26.647842666213386,65.3434695659478,0.14467311332979887,0.7668735827991789,119,1187.8679503922062,10,6,alto
42.35386683817856,65.51454589625334,76.76737180873872,12.001218192592443,0.85329239636629,21,1054.2041171322358,5,6,alto
43.987038580787875,79.34582160934569,63.41299814012936,0.04128563916787402,0.5753546270086592,73,1110.96256659514,7,1,alto
43.04932711897019,65.57829178200953,48.30424630750027,6.660586885229424,0.44893867851867497,45,113.32825511998517,4,2,alto
26.597497583011233,79.19154025244146,39.46732704419044,0.8252452667553098,-0.09648914908934939,39,904.040853204581,7,1,médio
40.17149278462597,40.72929459867267,3.2055269078613335,12.16515607836053,-0.059980359260994015,60,1891.2096227497912,8,4,alto
39.559228948727466,19.06852736379748,78.7457583051233,11.165105770513645,0.10085121605111633,109,922.2859333840503,10,2,alto
21.168516563513947,71.41558526578329,30.6784898060034,5.3051542029748635,0.08600843185599524,45,1787.9298815239517,10,4,médio
39.01204159527371,37.44270546273985,12.178257113349344,5.5772789843438995,0.15475879519984534,83,923.6968090843332,4,3,médio
11.29526721504224,65.41437427062192,53.33670843171654,0.02676723062752661,0.20493463769766082,27,1058.098603725466,5,2,baixo
30.869445746871857,29.35795477835891,22.743063127636745,20.955896335110364,0.2600654935507283,86,1409.7302820731652,11,1,médio
18.050309305069607,12.310667132600539,46.86226167448381,10.511815364414181,0.32053769006887656,34,2376.704842017706,3,2,médio
14.219841002204758,94.33236159389871,46.941432627567295,11.274035572658502,-0.001133661543985337,0,272.1511166166379,5,5,baixo
12.69336205702232,19.058135713753934,35.658385672229535,5.382950882007854,-0.057638068047217966,28,82.2844216529342,8,3,alto
34.37010715573489,93.95788945671329,66.8894892436034,2.113973982406577,0.5739444490730234,8,1519.892959525113,3,5,baixo
21.895623731882317,92.95519393098026,21.19736492443544,11.205035174646575,0.43733482484307773,8,2372.742722321066,5,5,baixo
35.366837003506646,76.44362935172357,35.890607329418735,1.723145565406814,0.34414420222011965,21,2474.3078313867873,10,5,médio
12.287471927962983,64.34806658737978,43.01537028727772,4.135811088804871,0.5344399411683524,62,1210.4106184800046,1,3,baixo
21.03516182407136,57.002634522597624,53.08997766138397,0.5253082035374286,0.7276794072035405,65,1170.204052712746,2,2,baixo
28.8821952331368,82.94913908400513,62.71774804044716,12.752388847856498,0.32769290911620463,79,1612.4094268629904,3,6,baixo
37.67531076936372,31.049556945753913,31.584582630260485,0.7585958620262025,0.5411194650519794,103,1389.0868930124245,1,3,médio
21.156337602622447,47.091309123638936,51.68375552772768,1.2737955229836728,0.8535722238351587,57,1585.2201440352953,11,3,baixo
31.90619817529532,60.745097242985175,12.04887624548153,4.083744840772428,0.7396244958615608,69,2184.9985638447356,12,4,médio
41.00922118826655,42.007142828254196,74.61184804339828,7.221588101605377,0.3260008105024095,54,1865.7654237190234,11,3,alto
31.55521158638066,43.473780868124116,30.64470451368028,4.829391960208938,0.544716837814743,12,1242.1934792169889,9,3,alto
18.15358161637718,34.72562007518759,58.36171375811507,1.320699633315606,0.07707092191593976,96,1154.661147500424,9,3,alto
10.85402735447883,55.780863501608245,1.6272865505742118,0.004717437359254797,0.4605221848950899,18,1599.00437128279,5,1,baixo
40.45346058653254,81.55170752136044,16.41497143238456,7.0765684988237,0.8813282911384428,78,1139.2657110507437,4,6,baixo
10.74442937976355,23.137554020568157,38.966603545886244,21.068116073774277,0.4183151152025223,32,1144.4483781640997,5,3,baixo
40.614558543946984,89.09897348780973,70.26019741858772,8.301370248934806,0.8276382991901473,73,40.76475446626204,4,4,médio
28.51279969095242,67.01788883734068,42.18041199605417,3.082844194299299,0.3073349205032607,64,435.160343518271,12,9,médio
42.86736944795137,79.09458914120272,74.38963858351032,11.704928305544698,0.8988448271846312,59,1221.2840999893826,5,2,alto
37.95741325207829,55.05716233670105,38.70375172662371,2.6368729712502597,0.47922003522755785,11,2056.633647625923,7,3,alto
44.927693868666815,75.15650312816571,39.23592773887599,3.721508572807055,-0.05773100576406545,42,696.8175168178103,11,4,alto
22.274913540809855,6.458035760552049,9.579743080042551,3.242109834599156,0.4867547966913881,92,1306.6085828278726,8,2,alto
36.85159011258944,78.65423823015817,64.21249953217759,2.967630373235937,0.17457269567959663,16,862.4052118980804,2,5,baixo
24.067581976323474,8.612497317682987,19.757232997365,7.462515499728831,-0.0675186779641053,67,262.00997384897255,4,1,médio
26.79564671063681,85.09220387265762,71.9689991497852,3.7408572083007496,0.7208533046946634,28,2395.7462076782517,8,2,baixo
31.96269121264295,94.2766472514779,72.86593762643169,1.904231676769794,0.17572963698075592,54,2136.684675625754,7,2,alto
40.57869899652186,31.46607159591,75.46480894993198,1.4930961124881805,0.6965485540464985,6,196.231061167266,9,5,alto
44.44292142197533,23.92867006572143,41.6184391282472,0.19239099265817272,0.18821758295586696,43,1799.4681561707116,5,3,alto
36.889569485258136,73.88270274722366,54.16750278269155,4.375685904220726,0.09432635387377428,76,868.9497608937505,6,3,alto
24.621837375856682,27.77237068282279,62.28127040493308,1.3065732776053915,0.8739355741044275,4,2487.1245176544817,11,2,baixo
24.747495079697458,82.90061448549831,10.481169492037248,0.8016297498649482,0.2616453277550196,59,755.9962995724443,8,3,médio
35.8153805556112,14.255833294172904,48.07657559979978,5.304125953072564,0.5013762114431605,5,596.8461134064997,12,4,alto
18.357200101890584,16.335967674142243,2.743832104264934,5.716101860392699,0.5099814928144716,97,1419.726370763513,11,0,médio
13.866593959598813,93.1236399590554,39.805286671098074,6.974756467472872,0.4604734821735018,116,2087.8154083580102,5,4,baixo
22.41177551742718,65.64550084430041,12.387414529618193,3.5016334215322464,0.8146957435212147,6,481.29717954949496,9,5,baixo
20.05336470789286,81.21985019860576,14.633834076966776,11.224157305174632,0.5744410713668685,45,1773.5069242983282,4,0,baixo
20.370784215959652,34.18964396163662,29.20380533540812,13.771210548425588,0.3037330041049302,56,153.51645785280422,8,3,médio
18.176271286746847,65.8835374568544,34.59497333732024,8.234944536320706,0.762380384524274,53,2297.336857776243,12,3,médio
11.473261637272666,58.48176445777375,49.85379396257498,5.047426134206695,0.0810628991159644,91,202.68729036824695,3,2,médio
10.625587715669484,59.28351081106523,5.954273475081253,1.8100238512494002,0.4442367576104175,45,2285.5784408604063,5,3,baixo
44.570283640761104,66.42792135839494,40.29534089899557,20.356536337076633,0.8505503719437564,9,1227.0181236317571,8,0,baixo
24.97205968075518,56.78232558161887,14.61001042024809,1.6019641993209075,0.5253976298804127,3,1120.2277819897995,10,5,médio
23.451432650588856,43.615613237239934,45.91801400253935,1.132351155352499,0.7169684504748762,66,2433.2676987509412,12,6,médio
33.78765489425744,29.833042494249217,50.99236898089468,2.9183627216494115,0.5535607255451929,24,2475.9604442455475,7,3,alto
17.638886075277245,74.17231978218818,44.53674052422831,0.2925997229306184,0.7393708635378904,86,1625.44531490253,1,4,baixo
43.248641438257884,25.36451870028676,59.06364083826461,19.197224599294543,0.8444878798452436,90,317.79822964262127,12,4,alto
37.52207550454432,67.31188755389728,26.848739539272106,4.438924025553051,0.1729217275327368,77,1265.4252141380061,4,1,médio
13.129385080929083,25.999954038439398,61.20852733065047,4.070386847783398,0.06966108125671885,60,1322.907752389156,2,5,médio
24.615327152472492,61.27971529590085,34.62136653665549,5.332607936509008,0.38399075033253993,37,1286.1160703382743,2,5,baixo
40.76914076467577,72.2370440416126,38.734759865807746,3.4360606173056887,0.6018624268242159,31,1423.7295963000242,7,2,alto
43.06562078019936,24.684250001588527,51.84817018088572,0.1629440534582136,0.1271912531822161,22,46.81178448597667,12,2,alto
26.359052893745442,10.394897077517745,1.4686707199379168,4.737762760960768,-0.09589854956983293,110,1778.068203676256,12,2,médio
31.46939862237477,16.78763686947567,52.319537713619866,6.296967355612115,0.24293511583670532,103,1780.98575488247,3,8,alto
15.846188113222633,59.539727054392294,49.48681192576923,2.6956887874652224,0.8688593354677885,36,288.6744379447198,3,3,médio
44.69090191479418,81.4501765603162,24.787769340262393,7.079554609813728,0.5949674606058467,2,1425.5986061145018,6,5,baixo
18.10850954842052,9.049713911188192,6.8635427919591585,1.287389556498237,0.30132544394122396,98,1420.9029560894364,6,2,médio
42.995612094729395,71.07361331374817,7.2748359930432915,1.2504967764741615,0.09257609734684033,12,1706.1260504760003,1,3,baixo
32.7376327147329,35.71867813550469,73.85789975881829,0.8802085082512099,0.256089673754747,33,213.4942303377027,1,0,médio
31.27078782076007,48.067553292757026,55.14234569806697,2.326033841319888,0.06983943330124795,87,1566.258268165241,11,3,alto
27.9440978855778,88.59735948610091,10.168209101659231,9.386980116787603,0.006305821312951404,64,701.8798768658529,6,7,baixo
18.073443410121556,34.87743542622609,28.537853544712508,8.79874833122851,0.8067423725725539,75,1267.5074762404297,7,3,médio
16.17848112019279,46.880324054553746,47.398639512127716,2.413006907487217,0.8976503383754736,7,1933.3088817601918,9,4,baixo
17.717017317456136,6.2314173284612995,66.84573640725189,4.4472550077661985,0.0641144395957903,82,1764.1148409075333,4,1,médio
16.52533917504891,12.343884800435454,3.4928742970406823,6.379426749490056,-0.04547744112172028,8,297.25754419498344,10,4,baixo
37.28545657483637,28.273243202130562,18.93065051760071,1.3801298452117228,0.22973110714621234,27,1477.961967790183,6,1,alto
22.254384070835552,7.506701673896696,71.1799192236304,0.9204621346650812,0.36165918076141534,77,2422.7913273518466,12,2,médio
12.024493679718873,61.82377934434259,0.7332440147053187,17.89492494002064,0.10482124707585447,90,391.9235933375056,3,2,baixo
43.918592054928396,43.37585211214603,16.111928223510994,4.805882376994842,0.20142491179855845,17,2132.2677193135373,11,5,médio
40.9325059737199,54.333068245521986,76.72193407783728,19.92719657785471,0.10087073569165769,41,1756.3702013844422,4,5,médio
42.471329911832456,20.71824673066966,49.07214772177369,2.0606059573154587,0.6742605684324513,40,1935.008282274399,9,2,alto
44.82177379262524,31.63388264929545,20.933709331000514,6.070649398977711,0.6125779432472608,69,704.8958178566137,1,0,médio
16.086333722682056,64.74420273674525,5.3592875516678085,1.2590246920003088,0.5349515157609818,32,719.7223234496062,5,1,baixo
23.868470661593058,91.87724512673599,2.2553072357777726,1.5136413124212433,0.2872178570792048,100,2265.0486394412205,11,2,baixo
36.538346649643195,9.537509624198828,19.57960637095418,3.586196610359471,0.809040941314236,105,899.5800802313967,7,1,alto
34.360721631882726,85.13458887697395,70.51886556711284,1.9255052915195434,0.86953254153502,88,157.5384767320262,3,3,médio
15.386356721894927,56.919308118008765,33.273092343800755,0.9173404521060663,0.07363931262541198,76,1501.4917589486251,2,4,baixo
38.55415937467163,55.75276100800613,57.62666953327944,1.5250276506780738,0.12301264141187804,53,312.0441726046067,11,2,alto
17.855420014283123,50.02506816869843,73.46280283039663,0.18201508417577306,0.42563102800036967,86,1991.4906035197705,2,4,médio
17.833616518791807,11.245467731376504,32.64323692822533,6.094140016883758,-0.00874943071775472,35,1604.3661062526435,1,3,médio
28.794104801269476,13.08891665625446,15.302189682991765,3.387517488538702,0.33644839882311284,96,2186.8162630530205,5,2,alto
30.75289771945961,59.08208050931775,41.36943446855356,0.494921470743911,0.48179126477771017,84,1962.0931244565882,3,3,médio
30.30301727432339,35.68627142920025,72.64669496478835,0.9418630967801651,0.4220735711373331,97,280.28412084549035,11,2,médio
13.202039308921421,87.55412599199126,64.34995313101605,0.5409032096846931,0.23090858307802606,55,952.6766910860557,12,4,baixo
40.71113019206331,41.5931483623525,5.266387469052303,4.741394820513806,0.44244580607720685,99,1936.4006247864681,7,3,alto
19.296001490604713,17.895331283237695,55.405824006206544,0.49474094658528733,0.8588009542588478,16,1043.3536831658143,1,5,médio
14.533022244898145,69.32469501518324,45.7518017967163,7.0178604871072086,0.10601740429137604,9,2430.913711949946,9,6,baixo
41.1061827954142,31.401807929690886,72.59705410771404,0.10362094755511543,0.5548313583940037,86,1839.351124733623,2,1,alto
43.44780243804137,52.29232766203039,9.798513348023778,1.434250679674038,-0.056603305843948154,43,38.74979172580256,8,6,alto
40.17446660429077,67.8049506954653,42.72288905637253,11.066770218216533,-0.033583595518565074,1,2199.964228902091,10,1,médio
38.333062615370736,86.02377000818633,70.35701548095139,6.338670460111696,0.45182822422358504,98,252.01196217139398,4,1,baixo
32.93346932236576,76.29720753215085,32.80190293933944,0.37883776593017926,0.004939180327949461,13,351.30931045021464,6,2,médio
29.280007971319876,65.87249610854516,38.55959341862936,8.605371078723687,-0.07765321157314267,110,1836.2310015276273,9,4,médio
13.044536596899356,66.16698641556292,5.6368542133566635,3.396567755226492,0.07151299764802219,108,2162.4213985762008,7,3,baixo
24.295862457474456,90.13321796288778,22.251491235912866,9.379501195485243,0.46484917099957446,40,1340.87406974889,8,2,baixo
23.04409809543099,31.624168774688243,25.96053193351579,4.590709401593361,0.6033409545189324,1,722.6243323644479,7,3,médio
19.091382431611418,5.1000884776568665,75.60979589959095,5.725894887477247,0.10247856414137999,18,878.2888631329389,2,4,médio
35.319703979100474,29.47591034583788,22.613388843292725,25.18096595888973,0.5682594372081745,79,857.22332399014,9,2,alto
27.355650727756977,24.610224166406958,36.86949882157216,1.3220127503106829,0.08247633109922933,106,816.6952595237806,1,2,médio
12.836617556767678,64.56511266025984,53.70435388514238,4.890106990460945,0.5134574266312572,107,607.2741795541245,2,4,baixo
17.706412068243395,62.034043978897614,12.974669792630191,3.0839074168941307,0.31195967989579887,88,1522.1677365730827,3,6,baixo
33.91405672808585,58.411524443425144,38.91539097134996,0.2012563751970428,0.5537995093336168,0,2251.013296412668,3,1,baixo
12.664580082160507,6.461909888850833,59.08312315807261,0.0728818118715084,0.8950527524792473,1,767.706032708353,10,10,médio
39.7922419917069,70.59002490055828,69.34841704216528,0.6347856969866164,0.837816965232562,111,466.7357436535302,4,4,alto
27.330128445489102,34.11773712369424,50.100741972994136,5.236152293674042,-0.09571824216389638,26,2096.444165928562,5,3,alto
26.82053020643268,64.8550390105968,53.524281225355836,4.186971341899949,0.7854387643623058,1,1854.4583272242583,6,1,baixo
30.734272463083116,55.0920585651938,10.102677806765517,4.030790666780094,-0.03350920482523348,93,2327.092578899776,1,4,médio
38.86383380738022,35.84578328851165,75.66211977970778,0.1618761502882596,0.853046586159845,50,413.79933901227406,8,1,alto
22.173322276576755,17.1118640393697,10.605926198758588,3.1678201760831186,0.1818256790996847,9,360.62828529147885,6,3,médio
33.73056533956722,13.497700789443286,61.97383497454386,12.926253368371476,0.282034830411271,18,1353.5734857624918,10,2,alto
29.800618739852688,79.83664998010012,21.185305742265506,2.5341005271362893,-0.008361794824272156,105,1536.084137087738,9,5,médio
19.345989455929747,87.65577878734022,74.68745149610012,4.903112635751033,0.012272758328909589,79,1200.4336046489739,5,3,médio
40.752049522430525,63.48092420878696,57.59676314955836,7.566519351922548,0.6267405652293196,12,1497.4165908096886,7,1,médio
37.90991075624248,14.309070337443504,60.305097038269516,7.6606550060962775,0.8443322357482916,47,450.94942218767835,11,5,alto
33.04581421304489,41.18244951994166,17.524733844790667,3.662352351780975,0.5107484949543095,113,1199.0343854102084,4,2,baixo
39.77036051829847,70.60452800946415,35.44319813081287,9.757949329849607,0.6158500155268111,55,1645.2314023491697,6,5,médio
40.35529703359308,75.18387956090613,49.42505556714291,2.482790235184268,0.6619697445971535,71,1081.7661231217594,6,3,alto
34.79270418502622,15.639676006197973,61.59788945652807,10.97732529629809,0.1628142745529417,55,1698.6183395414946,4,2,alto
39.29546649272852,5.002764696084418,8.316750072991166,1.3736789676712218,-0.05477036907978508,49,1127.978201384599,6,1,alto
34.411501158424926,69.09233412925445,76.98922531636227,1.6440233870775511,-0.09812725608083142,94,833.9989521056931,8,1,alto
33.804927011610516,37.09365583875851,71.21765364436447,0.2729178449354783,0.25064928295401867,44,759.0126177177309,11,6,médio
31.65139823753145,27.903319845643423,21.627887239646746,7.937937811415056,0.14146422819921609,88,1027.25514747147,5,4,alto
36.34508238451744,6.160772281057289,65.82081944258655,2.6983142097237844,-0.03768227495081436,58,57.72405670550207,2,5,alto
15.551178685257579,53.62694660853497,41.465913843185874,1.3010908353380564,0.07952829249366675,38,1671.3128461152844,9,3,médio
40.83047657196249,81.60356618833836,36.944518524961495,1.3184625354642816,0.024498898267947794,20,2112.7641024506547,11,5,médio
40.51452347108312,91.1868481645329,25.15472846491243,11.583417106606614,0.8148783806173704,54,886.5677361077965,4,3,baixo
11.02365490620957,55.91704555519603,46.4774869305274,8.97632604964221,0.04026721345916892,119,115.0828403542964,4,4,baixo
38.90358626976669,51.30151949659047,58.391129416287825,4.031925265953175,0.4376484639876792,56,2466.938993463894,11,1,alto
14.510445361570582,12.6550746940317,32.87463239702066,4.787006553900762,0.4931059551121646,113,659.2456386276674,7,2,médio
21.729159899069966,54.39855213883398,50.337535440663366,3.2153660664760757,0.4434894577086338,101,316.5528042269325,10,2,médio
36.02278897020627,39.19811710688552,55.9450336924243,2.48516049073393,-0.0009435657840120293,40,924.3812699325698,10,2,alto
15.626596361690787,59.64217527952192,56.88974536122287,12.35365093494989,0.2187983617505512,92,1846.3926015838915,6,2,médio
38.628845844167174,39.9853713088892,4.15728785049442,0.6711593524825217,-0.04872966753684674,69,734.7914922264142,4,5,médio
39.12469622852097,26.626921110533008,68.77982445480535,2.7102640299630805,0.29566991409631604,81,1436.7580097987195,6,3,alto
27.761370681629266,13.546874770553885,36.66026518120383,2.1122571207796,0.08859893127159199,48,1038.8999860928554,3,2,alto
10.223505510089176,33.34266001300061,20.993286535697155,3.4472772195772183,0.4616325332843798,43,294.40998069154625,7,5,médio
20.046334661121946,13.698035085897706,19.34116059837453,3.059051549185523,0.5928083938491006,34,825.7175312302755,6,5,alto
31.592442143150976,20.920725574158553,38.64112902751604,3.6582918565901634,0.4321198602047065,90,1812.1762642851666,3,4,médio
44.34151623095982,93.86025427215914,70.94652315751674,0.7536434082277698,0.33423669661139577,4,1530.0097433286141,1,1,médio
32.113473445583395,44.96932012159568,30.267806534611754,3.5989087782084606,0.28733342085669245,70,299.4459497089025,12,1,médio
19.093125337245592,52.86845898545149,59.97805974268346,1.3881228547753555,0.7416917680970038,73,408.3060242857714,10,0,médio
32.190199608486395,83.62566758634938,7.745498478977488,1.0187353571061528,0.11936806506527006,73,1601.8333982686136,5,6,médio
28.89948829005494,94.6012010441619,38.08453617208494,0.33515729649647674,0.6342183395288689,50,2033.5385358021722,10,7,médio
37.294588830290024,57.44430044102134,79.33489123141885,7.19115107280868,0.657482324740119,56,873.6862398954231,2,2,alto
13.744322358943544,78.12264389397545,61.63502422338696,2.7882055020689345,0.3192000072707345,57,1488.2768796086254,7,3,médio
36.63597658757098,34.424692190300775,16.84227907524904,4.926110213491064,0.19730059922563933,91,426.6089718802632,7,5,alto
28.94433025366386,32.5169561702562,40.11531789583286,6.5022963389905355,0.37054148604597525,35,778.4408422633096,4,3,médio
43.70472013506481,41.243334889510415,18.689981091885322,5.686505695318766,-0.006786074107301504,9,50.675514182631495,6,3,alto
21.965525811354013,65.52565364062842,32.76487418100074,3.179117359978833,-0.05406996777091003,49,1920.6898694988065,1,2,baixo
32.14176625968818,66.39725203295889,62.40672189879718,2.4542860392352486,0.011603199451891782,98,1002.524549432417,2,1,médio
42.620983692850615,33.371549118450574,61.697985223232294,2.3577033265287604,0.08714503146222616,116,2040.3139341348847,6,2,alto
13.587840479673774,16.98889317229658,18.24803023219081,5.108934018736221,0.40417682033804303,98,1770.9324900568158,2,4,baixo
42.80299705327579,61.91566308189577,73.77786545238881,3.4139485733030734,0.7491366361611221,36,2071.8606643211924,12,1,médio
34.07600028052847,16.549327596988807,47.405454621186145,9.456758202051263,0.13564233199968698,111,714.146673957207,12,0,médio
12.374297068681017,57.06432574063971,30.39394327696116,10.385301269056788,0.8351620107467781,19,462.77182606961316,11,1,baixo
20.533724843138568,67.40799152506781,40.15484646246885,0.9350248021773298,0.8549079089350035,12,2429.7642066291764,4,4,baixo
34.786023102584856,68.05503467550065,48.4057002750195,0.7322648839032536,0.8589046048452053,74,1793.3194676021737,4,4,médio
12.35727105140701,72.8124899593637,44.79124254766283,4.976682223632017,0.7375627346763238,108,2085.105669816676,10,1,baixo
30.375966106169564,83.5573479409098,38.91240284289425,1.7921377375597256,0.2638250407977206,18,32.83343427483432,9,2,médio
22.105906993353486,49.99630927683096,40.39462432715201,0.09372659791713167,-0.027316088997376947,91,886.1540507397165,10,7,alto
31.7320431218617,70.7224270576614,14.112952834230894,10.975055266279199,0.4688187317664949,101,1857.0417264433293,7,3,médio
11.600971183437949,60.72554618292531,65.01863234437435,1.2867393254062656,0.45868144393723376,55,194.9570824749583,7,2,alto
40.503788215333174,21.79759458179143,43.34082559528123,13.245180378547381,0.7499757671095956,44,1418.349823922339,12,1,médio
44.07211392120889,7.312068038246736,10.486388936376247,6.319223615108011,0.8959910509461052,59,1072.681918637508,11,3,alto
43.9107249349992,30.60872471092404,61.292568126622236,7.191170688717852,0.4081573065601476,67,44.04126785276824,1,3,médio
36.237814111002365,44.87303357038574,74.59551827018807,1.1248604590866957,0.24520403103978425,56,589.9389427986284,11,3,alto
14.553018404572118,60.539534998579065,75.78455193895697,1.334134804011124,0.085901711556267,53,711.9799726667856,5,5,alto
36.539211857515795,81.49633974528848,29.52141859289382,3.683069114402597,-0.09520017518262927,36,279.64986586580613,3,3,médio
10.860542076058053,22.662114503554907,10.841349884860323,0.9443136342839689,0.4091136924888792,82,1578.842274356651,3,4,baixo
10.774324303514904,16.29948109086294,41.47197013064521,1.8223238347809088,0.4555186667025958,36,605.9946906297225,6,2,médio
21.326357670233943,91.71319527268948,9.008738347937655,1.9390774987960415,0.7249384798173975,116,694.0487490484709,4,5,baixo
27.102511664163302,14.72401034387664,74.71899348100938,0.8695646425472725,0.4045769678928006,13,2245.5964955003683,8,4,alto
36.96425962327277,48.06419630964702,14.68637018841168,1.1482158494523322,0.8164683486660566,94,1167.8077317328487,4,3,médio
33.91533818122768,57.70073559139717,20.221268796093128,7.7688771320994645,0.5280834765714355,91,980.3203674231809,8,2,médio
25.60659472318619,53.723697881669445,32.530922150797636,0.9147839198237112,0.7403362382210832,99,1809.677595786793,12,1,médio
19.576933319858306,12.742894132964889,30.653157484730063,0.1443507650705187,0.048301734807747104,43,2274.0344922072804,12,3,médio
44.89935750551989,10.132422260325743,63.57303139183112,4.9625519649925325,0.7553361303023147,101,62.590840593609585,4,3,alto
24.916345578259055,14.493508471493211,36.50534564407699,18.644991686135207,0.5751438544438484,82,1120.5971163884913,3,3,médio
25.79854585153864,57.70289154853513,13.661460800266951,2.011454366304934,0.07023303243833054,41,1526.9533901948682,5,0,baixo
15.726833741708422,53.991039887088895,21.376791638885926,0.6315346355743773,0.08976355814601086,0,796.407745314974,12,4,baixo
37.81833420624753,26.036671283306983,40.72907081500176,4.224356164441357,0.8265006190442213,22,1931.0193053081043,5,4,alto
34.27887790235211,62.39967276610324,11.796313394090792,11.84117908710343,-0.06778463954962713,118,2428.6926756756848,10,3,alto
17.72693644760661,78.80607518500844,48.93245405168113,7.663814649666406,0.3625349432957061,63,2358.568415625708,10,4,baixo
12.883336596554495,8.742106386193438,45.25978452409167,4.871133733534744,0.21347528993410156,27,664.9563484498547,1,7,médio
33.81747557261496,49.831694919323816,57.176185310580614,1.8920946046036258,0.5650774399984281,111,565.845696093715,8,2,alto
32.90789249983973,67.03793708924212,75.01636923034941,3.9031224934297533,0.739629387568992,3,2393.7263275530527,8,2,médio
19.564083444937324,27.70807343627184,72.98036488809245,0.47839786728220457,0.2603781215565696,40,1146.5712185786647,8,2,alto
43.28022467876436,32.69938147638342,75.68604944550651,5.680720762431424,0.3269020873228372,59,520.7443077117293,10,3,alto
15.287026212331508,60.227411269044545,19.577247761896075,6.456667009569013,0.8819177845014142,17,1767.4924090760455,4,3,baixo
25.131718036491066,85.81417640993632,10.52522453114837,16.766555688087095,0.6839165096792028,62,711.050809759479,9,5,baixo
43.02655720586596,77.89319782726095,24.18213603971588,1.5082110414087613,0.7972041309317914,60,668.1174376776308,10,7,médio
24.69045609241428,57.481719718962516,71.60681382130517,0.09314431924987711,0.33876222065162975,48,2198.1226076944617,3,4,baixo
32.348408168243,70.71995459815243,77.76427796987906,3.943980197246444,0.1340762039841152,46,406.1978834422586,7,2,alto
23.915803928697798,37.834022318701884,68.74599608563808,6.134339616993051,0.3118634653864517,114,160.98236616559097,6,7,alto
19.59753208220345,62.686897528888196,8.801417690203488,7.81294997276007,0.6160919178315135,38,672.9661004292182,9,4,baixo
44.43921767859399,46.95634320148013,75.79423984478345,1.076738422427535,0.009430404835979317,88,1517.3635320955095,12,3,alto
24.326690221026507,22.09425228118048,33.86864218806288,1.5173832231660658,0.17046910561650883,81,307.7196335081764,4,0,médio
41.29347212876971,68.15644464895314,0.7448232609882943,3.5932575965441482,-0.05336409953840962,5,1178.9866806919845,4,3,médio
18.048411206188014,55.08181736139398,35.391499259855486,2.006873500998351,0.3323477383381316,82,1568.3427760632994,6,4,médio
17.458664640877917,37.27594237582323,3.6855335740374073,9.848865111197858,0.7274457359796133,52,2121.842481482935,8,4,baixo
11.089692900957898,87.02052710707676,43.5102336928894,3.209990943435352,-0.0753363117019892,75,574.673978005636,3,4,baixo
32.80833888815597,6.884070604405994,27.084322194964106,8.036666745459737,0.575323526807166,24,2043.3658084569736,11,5,médio
22.898422030331638,33.419583612454645,37.8747946875239,4.344886388502519,0.8324958745137396,98,587.2656528280964,8,0,alto
40.252538744387294,10.11932579998819,49.05362885944936,7.416012200002639,0.13692786151118228,64,1691.9163530991013,8,2,alto
26.5623467342045,73.98745845994645,69.50408766542563,2.0223753907254265,0.5936348407276482,4,1076.6839287061377,7,3,baixo
43.88676997701526,68.18967087024134,52.95212611775429,8.901624131180041,0.8751019011002004,64,286.7031059466754,7,2,alto
16.49339304960924,34.82169968626853,34.723909478254456,1.6049694423546281,0.8622780601524632,7,1785.6586570546217,5,2,baixo
40.401810878446376,65.80966119863658,65.55422829362921,3.94937871700656,0.13492919302914327,38,544.4065463725445,2,2,médio
37.18088984771096,40.63435035763548,72.44657100585057,1.204037682167076,0.00033105321206869376,110,441.55856506147865,12,4,alto
36.98226456254182,73.0628412280191,9.580797314575777,3.2268020898257435,0.04828253789591594,42,895.8073214734579,2,3,baixo
39.567412984091064,45.876529646303545,42.554638204223316,1.914912797912556,0.6020356684821422,81,1633.2256118987088,12,2,alto
36.63583968300496,42.1051755048499,22.76095677939553,1.5510253112381749,0.6257588754532756,109,584.9911969765694,10,2,alto
31.917711257099537,89.12569239394709,3.764895830155792,17.053969106958554,0.574236561628199,72,459.15384695471437,12,1,baixo
14.593570718883566,27.57911899016302,53.483735609118824,0.8722080592699971,0.23607838774223808,4,24.884064283410833,8,2,alto
11.138416282193816,15.840260599690888,69.02166219673805,7.739970189305403,0.06977693975812213,118,1179.107742754309,11,4,médio
42.22967467354904,57.60888019335123,13.032212358191524,20.727650201546478,0.48076109195225314,3,1071.6139232879568,6,1,médio
31.58276100822583,92.2389631055761,64.99309260991204,0.1005109278708012,0.38368044575786653,107,584.6693590934407,8,5,alto
37.87880518416617,39.0055292354468,68.27165868295533,6.003680474663965,0.6288341471223035,92,134.13041002422688,3,3,alto
26.853282302939252,10.583308726590337,73.14723541331868,1.4578601798370225,0.34136007868562146,0,1073.1396864895923,1,1,médio
14.105786613683808,35.537474057861075,21.22280712688419,0.20665137007189138,0.23863969468646837,93,1970.5127776790782,6,4,alto
14.381502727089266,50.53384888876026,72.31624521519115,2.5782661141043146,0.1934785773590144,55,1788.2053283179425,2,5,médio
33.994785053014,19.573070596899235,25.65302037891458,13.683622808588005,0.11147032004974652,44,2151.9872246504256,12,2,baixo
25.060706321481195,64.22919962508428,44.187041076440224,0.059174253782710254,0.1657463761866614,64,23.95671928288906,9,0,alto
17.018365434511786,94.79744501091805,4.0405976665825705,4.432272606707372,-0.005169561155898644,2,2416.048292011496,5,4,baixo
27.20580913595029,45.656552838329944,3.5104870694994883,3.4797202266651563,0.24685701092888954,21,853.5306315686208,5,0,baixo
12.247312797629693,36.92557010571914,57.62985701857623,10.33298846568718,-0.06343018763704181,71,2475.994490229912,10,2,alto
30.36899906700396,41.063375015102,35.55839823822328,0.4387039302858321,0.0864138471663268,55,631.5486515044366,8,3,alto
19.41476915522842,15.363156055568103,20.503390029537407,5.7210726689920435,0.6467704446194291,17,1178.840968945612,6,6,médio
37.914568522301586,84.49462412836014,15.233079681992816,5.698885747821575,0.22546898867662266,24,884.8191914382592,3,3,baixo
20.862668562325084,42.33430899692168,53.59627926873745,5.529393378079629,0.5682370169773439,47,889.4017874857566,9,1,médio
25.93270521786304,39.85469702823572,0.03212352202718982,14.265480583687463,0.6168841755972774,115,2105.7052468705397,10,4,baixo
10.406718896783522,64.37212456374269,64.47129353574834,8.660500914419641,0.48118534273211355,83,1866.047349343347,4,2,baixo
12.535641072809561,44.78300788380112,6.339968490394305,0.21439515971052345,0.8586977413653984,30,2480.37858807512,10,7,baixo
23.73727447423397,63.341012192706145,15.319169192649555,3.1846173848926234,-0.07856013337688675,29,1533.7867067937814,4,7,baixo
26.797859215099322,10.530166111770875,30.89891162392717,2.5370992849078657,0.6386526505881421,79,1158.1415109862567,12,2,médio
31.00071918417563,78.23510093500047,38.78869917728829,1.8563853402793011,0.858786643940408,65,225.18465736722783,2,2,médio
20.208190254825613,89.64535575914623,28.399609265115345,3.001351841828442,0.7622717293529393,80,2491.4035487846418,3,3,baixo
34.32436601442899,63.38888475434474,25.65697319874351,2.424118002075716,0.06789269180501331,9,1378.826632330707,4,2,baixo
40.10428390162216,90.91093359729297,77.11328096585507,2.8311094250635827,0.22682030625173208,70,1751.1936742253545,7,1,alto
37.29478461126725,18.628908293296696,51.32637449947154,19.37890516213698,0.07245183987646539,58,1016.8559679782785,3,1,alto
11.3866588871925,47.96745705323183,1.8746364293910567,0.4640479056669409,0.5013083638147041,105,1369.2892704480896,8,3,baixo
26.81774315402401,59.16260605509025,34.41407267554506,12.770053555485614,0.6121879819794923,50,2356.4443297322177,8,3,médio
13.67255624463612,57.3562982679068,70.00069597951762,3.271908946317213,0.2170737693630582,115,416.04859482900684,10,5,médio
18.471575555188462,41.131560118013894,24.116494912853437,4.887404265817185,0.4395065739842955,8,730.9314608256365,11,3,médio
44.533190764350124,35.427596842963524,7.564507581951059,8.865168478763065,0.590920570071195,53,380.14931944508083,2,2,alto
14.987344001552962,16.414162029537692,60.67078172719342,2.2350542375714446,0.3213398166110484,61,1980.5397595119368,4,4,médio
27.461085370797463,40.256820550605035,48.4811065548865,2.8142969092857477,0.7540155304554593,80,155.1131510545739,8,3,alto
31.635450701134168,19.639473359493664,45.62500062612031,2.6340846990936195,0.6715499352878171,8,204.07912462834577,1,2,médio
34.58627396904364,71.09291088429966,4.286124768592634,2.347866789414759,-0.035334456149429344,8,746.2352819684218,1,4,baixo
29.587703922041992,23.7947841945131,11.239920783641386,12.986749051110893,0.521125299090829,100,1285.4704523025282,4,3,baixo
10.341979659671429,10.270877475608046,49.8039516970491,8.828409067401651,0.1353255509597496,23,1015.6870013989663,11,3,baixo
21.426145788539714,54.712952403551085,16.625907316706865,0.577054200670983,0.4575182646672753,38,112.04077667701817,2,4,baixo
28.1199075184649,58.57067594474614,40.325606379873946,0.5721372174755326,0.8568884426329663,74,2393.728894677379,1,2,médio
13.075327470069167,83.4721755152455,43.59053488235148,2.791940963657866,0.7790620045522502,7,2382.1738008952093,8,2,baixo
22.271942592321327,56.92834511759137,22.680575221675152,0.5193491183061383,0.30451640311513173,24,698.3908081018997,2,3,médio
11.16210880769783,36.09327683511012,75.87401244331943,4.826001391280244,0.1915138583443534,109,1828.8140381714538,4,2,médio
12.750247400425726,77.27106933736884,67.397128546846,0.7756234791611584,0.134405744408259,65,1446.4385284580594,3,4,baixo
23.892314667055864,53.62510038686789,57.78988061062388,3.694628692507776,0.4325148697565201,9,593.6917375140602,2,5,médio
14.645051391507113,12.135225616807258,6.239509312752727,0.03623068478638072,0.01424845325805632,116,655.4288793540386,8,2,alto
29.863929689154535,55.9265504281922,8.490401544721555,1.9033479802507214,0.4492750081282486,23,1227.8829357761263,3,4,baixo
34.1312739198043,86.72166908794962,39.422507669196456,5.653468029628435,-0.09866636050920799,111,1048.0923537434003,9,2,alto
38.0205344688179,40.66813629483985,12.857067935278854,3.308619909530443,0.22384963074584482,79,728.0733205781606,10,2,alto
17.005258548568353,31.669322170982007,78.26123708235792,19.14518915506165,0.11993431383058126,82,2018.7789907628724,5,1,alto
15.861890379067441,17.912251131621804,12.681618722192756,10.361487449128612,0.8712187899607821,58,1203.6572940934623,9,1,médio
13.65987441170401,18.63009697418216,38.99742683711792,2.224181239411392,0.627242319569979,30,1637.1201559728197,3,8,médio
32.27505873402728,43.949433590763704,29.129684547320434,0.2327676791715474,0.2496533804622377,10,473.1837504196887,12,8,baixo
34.72665042704154,58.611184174537655,51.150913716327835,9.341894967165258,-0.0071549134693794925,5,1333.7691562912169,5,1,alto
11.105515068897471,12.255386465264158,10.322912711153993,12.108775405322351,0.416800594690624,69,794.9401236165537,10,1,médio
42.767428618529145,89.56117301226492,34.42531424339127,8.591450178299578,0.1134478813260423,31,1316.0340259871955,6,5,médio
11.818994927801533,72.96202557006764,21.97640262457149,0.6845422475939165,0.4364295458983578,38,1952.0645835273203,9,2,baixo
28.945371735537467,57.79615264552964,71.02012197373504,30.865254460672354,0.7353623541788925,47,1922.2830252281542,8,4,médio
34.817118180782074,79.55948038450917,3.2468569707756068,1.4959685326457726,0.5157925521013854,12,885.5516950856899,2,2,baixo
40.483919331113,12.216808113090195,73.09819952051674,6.440485633599202,0.5337884195450022,58,1735.6927926990977,2,3,alto
34.993042624634974,47.915498995981196,66.63953108424003,11.931729322058871,0.4410302890628115,66,2353.2248759856925,5,4,alto
38.06048290744272,61.70838141754971,23.805657315265236,1.3438901871816757,0.8272656326314092,55,1564.1733248122662,5,3,médio
21.880756738998212,79.57876155064604,63.14325237416838,11.94390517690789,0.8319026844206033,119,371.0253084565929,5,2,baixo
38.518878981127926,75.51226040443409,2.4970848270998047,1.851563145005537,0.4127232010735522,40,1699.2715731977378,4,5,baixo
12.80401962346363,29.936232474205966,77.34924402347148,18.735344972357986,0.20575948714350442,55,262.2609658732783,8,6,médio
41.31858296211847,89.67921526032839,42.12759540718315,1.6512781418334013,0.3595870058794439,34,2180.2760219825677,11,3,médio
29.165733165380768,16.19112572877833,24.26248208523562,15.334619025671731,0.08655791219561568,37,1291.6512395048508,5,3,médio
38.60542194868728,83.76202567590369,29.006657007574166,0.27515742093429507,0.5363443153180893,80,962.8518407789488,1,4,médio
25.831139958140504,92.38462246441567,5.312428276839789,6.17683598483115,0.40009233578223324,66,142.51648662423094,10,3,baixo
32.525219331878375,20.9438170900363,79.14796112336313,3.7976223836378047,0.003300477813279884,33,951.9593364802741,5,5,alto
28.42409313276396,69.98594577834068,3.1433556120553963,3.249261171911968,0.09764778111961533,75,2258.0166697894733,1,5,médio
35.605633261436616,8.625696690019861,52.392569851828725,1.2647565707413237,0.37963195619952683,87,52.45749071575795,4,1,alto
12.857049371070636,41.488054262523946,35.41887421651666,6.114007955993685,0.7875889907188584,69,1186.6203944545123,1,3,baixo
12.112322939669733,51.46549692779066,75.91329745509721,1.058604515884479,0.46639072063109743,105,2327.8952277765557,6,4,alto
18.648613190355125,57.25807033186707,19.679979224543615,4.024214115067237,0.5815350002084708,10,987.1024994125527,6,4,baixo
15.584063803961591,89.23435234237036,42.566945915040904,1.46009306192137,0.23902854974390972,111,1070.439218655376,1,3,baixo
40.512424830727056,65.50256185647751,38.58849668662024,15.57498726061122,0.4714113930442343,26,1446.4001379977997,12,3,baixo
17.672489557531552,48.31501560973133,56.22931552400811,0.14524530915993475,0.34737982263806744,47,1157.3433339429587,8,4,alto
44.155283953669596,77.87075326393004,5.440818556193641,1.1140197956060596,0.5591299126231607,23,421.50422809388107,4,3,baixo
21.79135271198874,90.5479538858968,15.503130401868388,1.3874087413926044,-0.049424433920989636,17,46.38884767465101,2,0,baixo
16.374127049104473,6.985953381406176,17.165185607427986,2.6727561986751076,0.39330021623895917,26,1524.529144946754,1,2,baixo
37.63944774998677,93.42691450304348,59.052060387335175,1.3245841696692202,0.19599262514396695,53,2302.0164675195306,11,3,médio
33.054772142530666,12.75189251573123,15.131095706139206,3.379966666114816,0.22618506127790924,54,265.91033256791405,3,5,alto
27.436850075859866,78.29481013418852,45.87934111127814,10.296842725606695,0.8609174315580614,119,527.3817981318834,7,5,baixo
29.437724282817094,30.230127729627124,17.219505640076296,6.225075181614857,0.08269481271138276,104,925.5737145624338,10,6,alto
35.17206223952924,16.896169197848458,68.92999600671827,4.3370502463309535,0.21124525257859691,20,2021.8555725527992,11,3,alto
17.995915946595456,44.58700757424514,75.37483635917108,0.4660793509172756,0.4098925757308718,58,673.1507911774439,10,1,alto
44.871687061985966,62.956092150285215,41.479437995379236,5.9207219389238555,0.7630269481496237,114,2205.136010696921,8,3,alto
44.11776067513741,39.28566605211275,28.18471073673426,0.9100937190977965,0.31667008320637047,33,137.39468662516603,5,5,alto
32.76139902214279,9.910886745442905,18.72462200139993,7.717487480532022,0.6438652808881711,119,2352.391553147337,7,3,alto
16.98398578252008,58.95150256928449,3.9824801218435013,1.4387887666452193,0.7563740982148024,96,1401.8676946844123,2,2,baixo
33.807988485095194,86.21629484996072,21.48000609579963,2.6982583907518793,0.21001635582184894,57,1646.9441962192614,12,2,baixo
12.526944314271155,39.48938293525265,52.33886239562543,2.1575328302268075,0.29275018353870996,47,919.2238063408828,12,5,baixo
11.072837577203213,24.469949986774434,42.68935450473687,9.788382523174418,0.2565562236883563,53,1954.9857137776507,4,8,médio
19.01890109789248,44.831961133953385,75.52330226247419,0.6764902395693722,0.7328558086179211,17,416.41562521101514,6,4,alto
26.191803485876072,9.352643994390277,31.702180999336047,4.169464180536521,-0.05565313804639885,2,122.27956319621758,12,2,médio
40.38953768929332,78.84388260322473,55.50906738627156,0.7661149397501756,0.20842108882868002,23,988.7923577688929,12,3,médio
35.45091744182078,79.3706729855168,39.14581979800971,6.100440405560138,0.5794085575951299,0,2134.2392849525986,12,1,baixo
35.99472824199934,57.92004170866656,41.00609727393693,11.77350561786431,0.4654434995653427,5,1887.3170915942367,12,7,baixo
24.892266705682637,36.779260004455054,21.4219451683294,2.851176854491016,0.3362893592936943,18,1292.889926222395,12,0,baixo
22.107724739143702,76.9805028001205,36.39606214735998,3.3480543300493975,0.4399482272213844,85,1430.3443679133836,12,2,baixo
22.986356704461095,54.921832230953044,37.66279976101658,13.115524793687198,0.09758458582831828,114,324.73206574688857,5,5,alto
44.56773473076203,79.33390776950147,56.53140173991471,3.6801835198264916,0.3307166216080104,42,2101.7037715439556,6,2,alto
11.403821699436886,61.83129133247186,75.25119993488912,3.3432333033061967,0.4017029841763491,7,1967.3992074104924,12,2,baixo
40.3461023642857,75.59649258915175,26.345702198600343,4.317650667133177,0.8011891219546017,68,1641.1759847173569,2,6,médio
30.253639300033768,58.8706693895984,3.3760374865038756,5.843506709547203,0.16083516280397633,51,1165.4775908223462,7,5,médio
25.351539671635667,42.27269613940996,39.703610040051174,0.5651905381313104,0.7678285021649326,72,2411.148170698781,8,1,médio
35.38401811452978,91.21512739335238,43.55690657193349,8.604935686364472,0.5442414008259819,46,2197.5799296911778,11,1,médio
27.0334129498646,53.70024423909603,13.47524409055322,2.859119007304411,-0.07965916893239902,84,1611.0762337865465,9,1,alto
40.56981333285812,59.45805666864845,60.83716850208533,0.375495830953961,0.6246313368993937,27,929.5024942932198,6,4,alto
41.52456524039405,24.843887547327434,78.79432867531933,7.713166114317972,-0.06444812245094492,45,1545.055696703781,7,4,alto
24.760232440570938,61.30857104845488,75.66197736067687,2.3656423057475617,0.8973811268138131,3,1438.6023163266634,12,5,médio
19.688972903226805,56.44468845346495,15.768483105892175,0.5288446346487521,0.7726366876911979,119,985.604969587291,1,1,baixo
30.732261500767677,21.635455815232245,70.02905919206086,5.0225920532483945,0.19734374754004566,87,766.6849292201903,9,5,alto
41.932717096584184,10.362838761782935,56.359490912934774,10.606793738361501,0.15741123019670542,7,1017.526980593306,6,4,alto
17.373176615198332,59.392338774329396,36.30772510455293,10.935290085578249,0.2814410821056089,115,1434.7785150834945,12,2,médio
31.803830424721898,73.73230424152885,43.248879545978326,15.810525429103631,0.25616696531444305,60,1070.337111777736,4,6,médio
32.104607703238216,52.10612338298074,67.96801399859665,10.1136223839527,0.27233781838538107,16,658.9362205034596,10,2,alto
35.65895578453484,25.409536278768112,38.41079517106985,0.010716071947758633,0.2182765461194804,33,1902.4082944020217,9,3,alto
14.604868979454093,64.98697790237314,29.856589528410147,2.3921242735035624,0.5211334068483314,19,1328.6687398935323,12,4,baixo
35.0538737638731,12.209515394864201,39.45979944207886,8.533671264152217,0.06426366372062395,79,169.1879080639999,1,3,alto
41.816138223297436,44.76503343217591,46.33038432280393,2.2805273364042593,0.7459812924460132,73,920.7912640653137,2,2,alto
16.28890881045847,19.703008255857817,15.126212302267907,4.600847552844687,0.7124024840313153,33,2212.283643029984,3,4,baixo
18.31401637233572,21.601314595389503,72.07261842135925,4.661045641881865,0.37648320785527045,42,1888.09132799988,1,1,baixo
43.998828291457386,23.206455424238328,53.934955906369105,2.270850648817347,0.7527299652785476,9,808.1169598600177,2,1,médio
16.334193344832144,39.80363513395801,50.66151338699911,11.741780279976341,0.14714507003029328,93,2345.4578801112725,2,0,médio
39.90347826793527,9.603518505835787,7.959698094451051,3.49812402960404,-0.08243454429603306,29,191.50727089552538,7,1,alto
27.22972497568122,40.801409683618836,48.333915053807345,3.1254263001169575,0.519207925029823,114,2403.0867597304723,10,2,alto
18.653087604111196,51.05367024032308,9.676852979079387,29.984889914796774,0.3579094069647154,24,614.2627312116891,6,3,baixo
40.4762465445379,48.49648564696927,6.295814015631924,3.4011583704723996,0.4671645462958707,56,22.73545075604816,12,6,médio
25.585683925093292,39.45056903627365,42.18487165139146,0.9824974636356851,0.7993394090184031,109,1084.5200912958169,9,3,médio
28.018607387539156,80.52319472636772,32.222842723719594,3.5981685907102126,0.8699255735659435,62,897.4260742175217,5,2,alto
22.5731679289918,18.07940231784537,47.10482161249786,8.410492926153067,0.534453139755603,106,1347.7225130169845,9,3,alto
30.75327980022246,50.51270694032366,7.1377734445790875,7.499786834050132,0.6640555898524384,104,1991.9321514246135,12,1,médio
15.723335540475798,10.583727526089888,34.47864502778067,7.769584757504745,-0.016191566512835737,70,2106.0770053761175,10,3,alto
23.687853782811622,11.404011099011877,13.982937203612638,6.155414660394483,0.06071558489150561,46,1003.0749990292295,9,2,médio
43.92943128173506,56.64792647093867,78.96800687392933,1.4666085874273762,0.6332048049529766,83,1074.6143592658755,2,1,alto
19.03467014453946,55.94165823990389,44.89201699481395,9.905555486086147,0.33136545638800197,80,370.4443258236842,12,4,baixo
32.985783258945226,84.02301615600112,54.99494887526939,11.195397965708832,0.3459652704044057,2,118.86902220290874,9,3,médio
21.38165224786432,55.208630809406586,26.033462454608625,1.07930502161176,0.2086076816354366,110,1603.0374755875619,3,3,médio
37.071559399031024,91.38119183643651,7.579113182347532,0.6989296234841764,0.5073563834777438,45,161.0940638817307,11,2,baixo
14.580578125142244,9.382536355993679,78.06966902268293,18.566878990599204,0.0851650454162026,103,1834.5752985536399,3,3,médio
43.943736577749064,13.820691630266696,22.900722830654658,10.13705321565963,0.5269162793138956,35,1347.7253625556189,12,3,médio
25.882633948427376,8.965927541334326,33.90465481388594,11.185679333837601,0.07379885713523968,25,496.4574455652085,11,1,médio
18.261766217126237,21.674916530018603,51.989113736206,10.87431956236006,-0.03617396529028641,9,1348.807358781624,9,6,médio
12.572386156550444,53.714309984751026,1.9757838148889029,3.9010126911333183,0.230357688699061,33,457.49429150524713,7,7,baixo
15.941526678063926,63.10149632846852,64.82073044138295,5.197969298079449,0.13114034200984767,77,1096.84301877603,11,2,médio
28.192088199460617,9.10266421538019,42.926255202289624,3.9412782770104777,0.7889916385563324,7,1998.9007906055722,8,4,alto
21.79511117509502,90.13738008610393,22.25737496550577,0.262819712860607,-0.045046546131373405,54,1154.7982335265935,7,4,médio
39.01091780589133,80.7948838985343,4.92863882339754,6.84233283129326,0.07661369257412284,90,371.7482957438706,9,3,médio
25.081063328163207,31.69512339413838,12.999873237955315,3.5193425794958904,0.44871960558304946,9,1809.5717045573629,8,6,médio
18.704999540567044,11.946877720382115,71.60270870827495,5.216489763336649,0.38106719084747365,56,466.9210406750221,4,4,médio
31.60007453114105,20.289836589715154,54.88193791487128,3.492203884509062,-0.054147981625298464,113,1846.3746859252735,2,1,médio
34.737202590990606,16.42499723794754,19.992137730951185,3.3845124380461318,-0.09274757198485553,78,1198.3807230395832,11,1,médio
15.846466776533244,16.095540136905214,5.248061195602363,0.9424372916436753,0.8880679419611499,100,1134.354397735754,5,1,médio
15.866672570091119,51.670551979916056,55.249224990930905,1.6335957706437354,0.5588347003588382,85,2128.5875946436868,2,1,médio
11.283499942674004,27.126269824406027,45.79261807742121,0.8649423806794607,0.26540613090155685,44,1771.5088108516718,4,7,baixo
35.77407052729742,37.232574487623,32.361561956658804,1.0887052036119518,0.37043224766324134,49,82.27699238734814,12,7,médio
33.23315846676318,94.05548000458901,29.088915935205108,18.05540500746885,0.16655012045428694,63,740.4357865040059,2,1,baixo
26.612080651243485,66.58828240328103,17.345142074328663,0.8309426581925973,0.24487378369320975,94,2177.3016521247464,5,1,médio
39.5459657139219,90.40826003423012,53.56890052300141,1.5685591258306821,0.549044467268214,1,45.8154213629966,6,2,médio
38.19845535325186,17.8300899529804,77.65344222350964,4.465186720387048,0.7828117988673707,44,1363.133615654926,11,1,médio
30.487402753886325,39.392552734931236,14.057219666946068,4.71033266253665,0.08413002308118486,94,1819.5641729348597,1,1,alto
40.38949481796405,54.92586229541188,47.76932960124027,0.8360267017221855,0.7403615053853188,61,1554.6402137114396,12,2,médio
17.20444235128689,11.90822556998642,33.9348044596781,7.892541653255045,0.02155662951826906,13,1901.330505261091,8,6,alto
13.917186678920476,5.376869926516208,35.73509773957319,7.690306339930125,0.1149922235883912,73,1814.2296222868645,2,3,alto
19.441236403094635,65.33909004172259,20.331782410225152,1.3545686131043913,-0.06282471195035402,93,1730.0767378827834,5,3,baixo
11.99803996312602,62.76375651212918,66.01079005291352,1.7030681204297617,0.040811862092999446,99,2053.8496523141303,11,3,médio
28.59093348003612,41.97099289996506,38.82044833177929,13.902125973460908,0.8173031454640506,110,1614.226671123846,8,3,médio
42.78119923032365,49.06796684288294,43.472468175861124,8.734067593786786,0.3594387466183786,103,1006.0462356424551,5,6,alto
11.377023923397838,42.389870053288064,24.38087302378606,5.98328205698632,-0.022334138221646455,14,1179.772774786469,3,4,baixo
14.273846990350938,7.160454036039997,14.54467725335598,0.42905987285964986,0.8597268380389613,13,1791.8119567036265,6,3,médio
25.826965989920232,35.18344455957162,6.872831056225639,2.708693407402103,0.7789923077586501,30,2190.765074166985,1,4,baixo
42.685625613476674,20.937402985756087,57.12953127399327,4.0969757755257925,0.6546825208681413,28,680.5470020994392,1,2,alto
21.06546367418627,13.858177019123186,15.69874253502845,1.0376509335920945,0.8334727919475579,26,855.1919899276769,8,3,médio
27.753218304093735,91.10483905004148,55.20602833510382,2.9730889590331855,0.12012942083576414,84,2326.8484909060317,7,2,médio
11.455050066763723,58.94237525379491,31.23011568375631,4.594293600284422,0.7363692930100864,8,1446.2794810236135,10,4,baixo
15.19201203367311,70.57906558129424,33.261984079172116,1.9828490451212508,0.5899911963543062,19,447.40454283750256,10,6,baixo
44.53205430355964,33.38273689395058,37.53419968742173,7.592158063208459,0.7697592495676884,98,1659.2378472809569,11,2,alto
43.77915437526159,40.383241654461365,29.416680650203453,9.176976520645548,0.6969115657426298,57,2476.905388848449,11,6,médio
10.172899332704336,26.323159450705113,8.049598177807207,1.9549233090519849,0.24649506317682499,78,2058.6339111760003,3,4,baixo
43.313412489813366,13.726910386888227,24.77054480022766,9.121118514570881,0.6743985370172556,87,1864.3528413785068,8,1,alto
32.369197823542514,21.112847369742543,53.098748855515076,0.5467119758241085,0.1624563029848903,48,520.116635665673,11,4,médio
40.37714030820077,76.77626407668373,53.26275211750968,9.09244054823221,0.22859216302805482,56,2190.349461710018,8,1,alto
25.915894947185066,65.97912246653982,22.89794457919955,0.8287998899385971,0.007905717222976144,15,1314.472108838866,1,2,baixo
28.04586100027376,54.22359883869292,36.80821012461504,0.43284184389616503,0.8350766159804688,99,2223.225055179889,10,1,médio
27.109630308992205,47.75808855800913,15.475778240954998,5.132975636970135,0.19100336340028154,74,824.5695735621983,7,4,alto
33.34024901411365,88.0190855290512,16.829766522386862,3.192701884239309,0.42062246517145185,7,155.1276315885819,2,6,baixo
14.887793916470951,11.546145300080155,1.8437670725285926,11.923891412179515,0.2913328364661927,66,1189.9399216493653,12,0,médio
11.049075645543729,30.254073191412438,71.73972399261957,2.2564133932907344,0.8599281205835015,18,674.5940120446942,2,5,baixo
20.77754795569168,36.494406821364265,16.8565332059925,1.6924371729101488,0.2350491709384824,109,1788.0732244407454,2,5,baixo
34.66382669578263,75.41832309915091,18.202710154917064,3.4730903704101355,0.678545821422689,104,2392.766382140081,5,4,médio
17.064870824303192,94.32631581457743,22.368114611610544,3.043535568997004,0.7554161546311801,66,1727.4353778789098,7,1,baixo
33.570135166372104,26.660346328143774,10.19264573563432,2.111236062462148,0.33560649748096594,35,2217.3348242730085,4,4,médio
43.94692161375446,83.68766007233725,51.141030654509024,5.916625525566022,0.27817181445293127,88,1132.560034003016,11,0,médio
13.286525052629644,79.75604843886121,6.0114362542069255,7.126461640823934,0.647745820932628,59,1929.1018429882542,12,4,baixo
33.54107413787942,25.219165787758996,10.736194106108021,9.58606821966311,0.8128959803062341,35,2107.6085916792586,4,1,baixo
25.53125767565999,40.93993221793003,51.58053812720743,18.033107648062266,0.6549317330722383,10,1777.189068958856,9,6,médio
40.384978903212684,41.87055823632672,27.17284963851542,1.5507032247508568,0.1271263655918656,50,1269.4432151739115,10,2,alto
16.200242630658508,93.03986016739024,56.635826136095126,6.295551293521198,0.7883077474377054,79,1564.6652740384202,9,6,baixo
34.24190832791576,21.28027112410085,44.593979573611364,2.5065075745680687,0.2875816674368331,54,1751.2674891972008,7,4,alto
39.334035137683856,76.92421739943039,20.481693844921047,5.65178385549117,0.4762294117779343,53,632.7110080535672,10,1,alto
43.061497681590815,35.07734427557989,52.06623603914625,3.231143265949573,0.7314356192927111,16,2023.9481522874619,4,5,alto
33.91368099013761,70.77833111985443,9.301894423430452,25.394385534151624,0.08839476740049221,61,2375.8113474181832,8,2,médio
27.401116740294956,42.800990386609655,42.91283064640243,6.52637700374065,0.6845101356775531,41,1163.09828794984,10,6,médio
31.624653407042484,57.0523786804886,34.97184840360277,15.234212179800817,0.4961627979106775,23,1752.6679577746934,3,3,baixo
40.41167445675514,79.9350595993518,21.429886625395262,9.0081263675484,0.7933416418276082,16,1842.5647644758849,3,0,baixo
29.97134113235904,77.37490084854957,48.32039981916001,11.660121586840152,0.07197040184354295,47,1655.6188688037007,12,1,baixo
11.06354708938929,82.97808651857301,69.7066873872226,8.421324486241744,0.32068223704092846,83,1367.7877708215888,7,3,baixo
42.583204342744224,10.365559281019312,79.91237598104614,3.073150922895464,0.7328430928668375,85,2204.1198864370267,11,1,alto
34.13343628610464,67.28454977357703,48.62102149947396,1.4503476230575156,-0.08076829654323983,69,1122.316773172236,12,3,médio
33.677968502203626,17.59886390495866,32.376469946333614,2.3127190189120106,0.012201366765642846,6,152.75739121650895,9,3,alto
17.5486303339201,42.42367112165699,18.01656801729613,0.10221895044935488,0.8905652127567347,13,2111.3909392804007,11,1,baixo
33.060991458143,54.372957354921965,20.56768715160894,3.711615353939552,0.18039417859035053,10,1684.9531807913768,4,1,baixo
23.785254197895547,41.246553627214766,38.356398251981254,3.516571457272172,0.8755431937239534,11,2123.1465662491164,4,5,baixo
32.79315419645222,51.76505082227067,29.382216102456738,3.724839541980207,0.0825315510086739,109,346.36860611173574,1,2,médio
13.730756060779676,94.68736779187573,73.10516180999554,18.254302115777858,0.26109444300733564,4,76.88235127429083,1,3,baixo
33.02458566110626,17.169558234156924,29.463637412456762,12.12116563505064,0.6528694445035707,4,2335.936350956253,3,3,baixo
44.979480401973326,65.7910440802783,29.875567291634837,0.8819724530073847,0.5577784072381785,19,369.32076462643573,12,3,baixo
11.687421360119462,40.64008697470537,30.68276099471816,2.3013162778503773,0.4811223999290556,53,2024.1308301761296,7,6,médio
44.2010964477461,16.970881901659588,66.92961682941265,2.757857719296263,0.4298991758050076,54,2058.0248554515897,9,1,alto
24.24177862530047,19.286308703687858,52.06306566775215,2.2356006682281566,0.7434404436647403,57,1771.7630013725075,4,2,médio
40.47637076180407,90.43457956210553,49.13350802551142,8.009729330268327,0.1349485628333927,78,328.1555277321774,2,4,médio
37.38349194203957,84.16413470405858,26.731441790708974,3.712082831298036,0.34247092699351844,89,1668.4965614020189,6,2,alto
29.845569134533374,86.63377643735197,65.43233414659515,4.244326639115644,0.05545229215645728,96,2222.716458317164,6,5,alto
35.84572232379642,94.23794982446479,3.0691089084560907,9.587074672353435,0.4959415957307044,29,1063.8291120022081,9,2,baixo
40.748044645547175,23.748385100766615,69.66377378704905,8.197634226295659,0.15054442427132017,23,1033.7921359464972,4,2,alto
24.144911257786156,36.98954036276555,41.019991983514366,0.7090364195206477,0.2338420643433858,86,1107.1457739485477,8,5,alto
21.446160654713353,65.22971269323801,31.860018789073024,6.257324278505969,0.37125071662352815,72,205.6797266905161,3,2,baixo
33.365768494725465,48.542228587458254,39.773382457414854,2.8585087773620383,-0.07322941429687216,2,2230.0639225749337,2,3,alto
38.27460796794405,42.65505800405002,53.39324244270649,1.7452979514759417,-0.008062064079162351,99,2172.957159951276,9,4,alto
36.67997971718155,37.20301244020337,1.0212341214317888,0.2565655302989302,0.5859292207082196,47,2494.7733044757156,6,6,alto
37.92347771005221,58.4402568749107,69.72414851665982,3.3398301229287277,0.32896998071750727,70,1462.9578537460336,11,2,alto
25.245416018452655,56.80340857760738,35.73916202491142,2.1959110792499064,0.7647902219998954,21,1877.9790911284645,8,5,médio
38.62419756612576,19.531205065781606,27.437321576006255,1.4485074817577928,0.5946720036441995,13,506.67976576826175,11,7,médio
14.207316937971296,47.45658537665952,11.059645250724568,5.931838923815089,-0.09189905835267756,47,1668.822045560424,10,4,baixo
29.057118428629735,54.81245985888649,35.15722994867537,7.337205114804335,0.5167123307671349,28,1624.3321218934766,9,4,médio
10.201553117434255,56.325824485825144,39.705821702750306,1.403793929216583,-0.006275133940283589,49,2253.021839604031,1,8,baixo
21.36050404650946,23.909647362111663,32.29173555947823,0.25355908938550975,0.6809331797904943,79,2076.9818070976853,1,4,médio
22.826153720498926,71.80442530270581,54.29280750615177,9.444195186036742,0.891507688278502,111,2346.166156544408,11,2,médio
23.866044206323938,7.2679185338962675,33.67172230073808,0.05004835615059888,0.43119879424151153,97,2172.083681754019,5,3,alto
34.34135223414518,36.934866998884644,76.91340622772587,13.832038832537656,0.5827795001941304,9,2171.73473724713,9,2,alto
23.5995335444621,75.21913836820701,47.94220142588735,4.939200511519047,0.13731416089475154,70,159.30831672179568,7,3,médio
25.704276791788573,55.75036289498621,64.59823485215271,1.9419090742676992,0.3375977437537936,88,2114.90488173989,7,3,alto
18.31404458060146,28.50461892597742,8.748472248758308,1.4149847213035038,0.7560953322363837,26,1518.6959862577953,2,2,baixo
23.063812707026905,67.54578074087429,31.783303435672458,0.04523230187155732,0.06742294774625121,78,951.111129414903,3,2,médio
17.9544369542103,56.0651849740466,26.947816115772216,1.3424793324548432,0.1655356056137621,95,141.2865609701558,4,0,baixo
12.561857331895528,76.66192485107484,45.55859105092735,0.7409243126317164,0.3454336752860302,27,1694.1844369201167,2,3,baixo
31.120700768348225,71.1522667570841,68.88908160491405,4.7358921753783765,0.612248891844014,8,820.5043763440436,10,1,médio
33.387447949425564,59.909712983261116,6.267057420960533,0.9108813683031086,0.27588395479567385,70,1169.440662465087,9,5,médio
31.682162110336506,48.93599077797326,5.805983843576863,3.760557930318979,0.8277322797830039,119,1704.3210926378358,5,4,médio
26.222291533020034,16.986391310077106,68.02541665260792,4.459410582724611,-0.005542948731280833,79,2279.436367560357,7,3,alto
23.292502306273043,28.51997160968454,17.028006883068592,1.7694063803755826,0.2708041975448475,25,2063.592289012496,11,3,baixo
40.21667773501388,42.71895256253767,53.5002603559851,0.17847242295411483,0.6089541234284219,98,1126.4928227589996,9,3,alto
28.16786247976763,58.93693583057498,43.43025058886441,0.18982768527624327,0.12598676566149244,80,969.4578936159473,5,3,alto
26.771365717040585,51.23370696937744,66.63148759097835,0.13350321416541824,0.556413134229673,86,599.4493471101187,6,2,alto
10.89747230322525,30.936607336357653,10.007112786912282,6.718563188177979,0.06421695822734594,7,931.0668779399206,4,4,baixo
21.943673966915473,5.58179220107395,10.382637257808902,1.9136992558645494,-0.044019715138313625,1,277.61596822974576,8,0,médio
23.306846657504998,49.66152997107326,44.5454688222646,7.955539343492798,0.021015716748648855,94,2427.7637709118862,1,0,médio
23.958797331391516,30.706338970601877,75.71029226866968,2.825817951484384,0.8299847831341347,56,1434.7936098989471,1,1,médio
30.30603292295663,71.11474706394816,33.19982066966034,3.016515022958556,0.45175088293955135,51,319.51460698803226,5,3,médio
28.676089135440748,7.155163874343514,26.155368020375597,3.5962506117089554,0.696345775479649,57,882.0150231647644,10,2,alto
31.276678247770562,57.634503017521176,48.53514585583086,6.241913366619611,0.23265450090505121,95,1367.59785905164,9,3,alto
36.77091415397449,89.73268137554588,74.43588804360249,1.5976037034333919,0.49265864788544667,92,1332.214091602174,2,3,médio
38.45450085506327,20.696834040034958,66.9542266275699,0.6481940330777756,0.3949521337049916,2,88.75842179658089,11,5,alto
35.1343076679273,47.448454167553585,79.63868885865759,4.0602992910121944,0.845737959402294,7,2377.1025855727785,3,6,alto
43.443329358422716,13.227979263542435,1.8054866561901672,1.9798835031115367,0.6475746360541104,58,688.4392036873616,8,6,alto
10.638140393672657,61.311372103521734,9.028651577020979,2.921385974523684,0.6305426314965791,1,40.461672329727975,5,2,baixo
16.852229498924114,54.547851253660305,48.75742106932976,5.205681327801784,-0.053646730565720474,94,191.11002237570617,3,3,médio
10.264700624234974,41.66289717915491,65.64611514670798,3.4073357042758645,0.4496696690036911,61,1450.4872581199425,6,4,médio
32.66161499541111,51.923931932636705,22.819547384541323,4.8415901239273555,0.36699145390181487,114,344.46380168774215,6,4,alto
41.43106921324954,85.69171926221091,19.1368870427375,3.9285058340386794,0.8278422666061945,48,104.31198213375819,5,6,alto
18.521880380170472,22.666487207996035,62.95806395049607,6.7314538481734,0.15734198818953224,100,949.0661660317784,5,2,alto
42.44620906787073,7.0308060534812515,4.510548308258526,6.119799744319414,0.1698334532910943,19,1556.9029808504713,6,0,alto
12.10935866013463,82.54983962291908,29.55061180660681,3.819886105279653,0.3113462488815004,28,279.59951210403096,2,2,baixo
42.705260938193,56.94053741491158,40.46473780738638,5.680060428890163,0.14336971340637603,16,783.3195803782888,6,2,alto
22.306794053387204,85.15926099156582,44.827893948025874,10.339921230288368,0.029183917808749488,73,1044.4016790613555,2,3,médio
13.549728995722578,58.72507010718553,58.28921254342215,2.8305579685140185,0.7574148466508008,104,398.6502444669179,3,5,baixo
27.005511571521396,77.91449809637322,28.387657874452657,2.661634583254755,0.45827652440391586,21,1265.1847461667753,2,4,baixo
18.98717987021778,43.67060270196332,49.01474757396858,7.224823911267597,0.7613627189565668,5,213.03521725442727,1,8,baixo
19.970551568667297,72.48739381594419,46.83003382327651,4.367998470024549,0.7311347654036959,61,116.29624086267165,12,3,médio
20.75514877242003,87.17373202008704,43.80928805229977,0.36826919302303784,0.1820423547896711,106,1299.588417887837,1,1,baixo
38.10590642414322,56.49106673499857,51.23866345137698,11.133308862142684,0.447737444324274,97,619.7424318771891,9,1,alto
28.870644683633905,21.27066355061416,20.755933685446102,0.15633427719502765,-0.01678229725992955,30,238.4345197450688,4,1,médio
20.895769470460127,29.191785352717837,6.771900286770318,6.899501358937612,0.8152518840307584,61,1059.7814687190807,5,6,médio
31.361682415882143,22.87801192076652,9.541733763179474,7.110522652225777,0.3042627150651531,118,2287.8518487934866,10,1,alto
35.065273597811775,27.217132483615963,17.966590612312086,15.299869957115966,0.2936761838890214,11,1810.4811166353873,7,5,médio
19.541840025673682,32.57739044159327,40.01583484182282,0.27827400394119606,0.2027553706179532,11,2039.039788367569,2,2,baixo
24.474218553387303,54.96204080778696,67.23542004368161,4.542317979704121,0.36066374471070384,62,2179.7849718965913,12,6,médio
14.266013266793165,57.91924665174495,56.10346736707073,2.7916880187915587,0.15175938654544804,15,2431.5693534910474,11,1,baixo
16.34022723371381,43.3849772517675,63.12324833616377,2.007113609306298,0.2748522727968046,24,1908.1164337854325,10,3,médio
33.8391248887744,60.38787018387519,28.07804991408731,0.4733040351072832,0.6999470485848819,21,1521.019804848699,9,8,médio
16.350342169346945,12.341743305022934,32.372299331884015,4.135154543908931,0.7342555035851719,90,913.564700755618,12,2,médio
28.380718428347105,12.900941335234396,31.494550879249026,3.260417042827388,0.20418247762851613,87,454.1080913942902,4,3,alto
34.81661916028514,20.46465143218926,15.349854752360121,0.5521693622643432,0.36901443055278793,75,1716.6496849582359,10,2,alto
13.740692308316035,51.62697482363103,4.897332651485762,4.740061760481053,0.7738197762800523,116,2487.3749653048544,10,3,médio
29.855927687011626,24.25952108284822,47.27328742617814,6.6961593044743335,-0.04732666817030287,17,1168.3967115472976,1,5,médio
18.979697429547734,30.49559631433196,79.13733467364689,7.289559822167981,0.7891449619957854,44,1809.198420232019,8,3,alto
43.70244063331529,41.028155255569466,13.346376396021027,11.789072104538548,0.11918434565233169,110,1237.7311249828904,4,2,alto
26.924097635197366,78.06795116093419,3.7347855919419004,2.6336804827150835,0.5785392442143759,79,1079.8335584086915,7,6,baixo
38.20973924213054,6.247592232157411,62.362534545914635,15.2957857281726,0.48255169638460027,67,1025.7640338997878,3,1,alto
29.257928975469163,63.444093821296015,20.206880534777937,10.028331741811158,0.4529407481892521,11,1261.561707329244,11,3,baixo
11.519438649918671,65.19888779366168,66.37150442823427,1.758448177921645,0.7593602247528214,48,917.2391546634376,12,1,baixo
32.16029814579078,76.87902023209729,56.31493336276123,0.8675011211342637,0.0015721436446612669,32,1871.9333045545195,9,5,alto
43.299116977233,88.94776451542819,75.65388296406437,2.8580949106382976,0.24702802532563603,85,2185.6800664787916,5,3,alto
31.056413705121592,6.812406405436084,32.714178860533764,2.569975773432265,0.43825274634476563,62,2207.2132666129605,5,2,alto
38.67161007993766,18.840533496189458,52.957587156050735,4.286800135288175,0.7112888539460398,17,569.2467835645648,3,4,médio
40.94722621719427,84.75541646503937,37.18838246506166,4.377978515001458,0.1164430834116715,53,2239.772846828727,11,7,alto
17.982792018212635,46.26667059683138,50.44709578468348,6.931211499974977,0.7029298413742763,111,853.8780796377627,9,2,médio
17.42156939678793,55.81315750401171,35.967912480618985,3.565626587982516,0.29963848249393576,96,773.2691637132441,3,0,baixo
31.38433460978471,64.67244833508326,15.090579713925987,0.5536670689652374,0.0889138564336954,26,1816.8901434955897,2,2,baixo
24.385996443234667,66.11599440460736,40.63179328027047,9.769909938703279,0.6589864404434826,105,761.7408502157235,11,2,médio
39.39514560033521,88.85663629848574,42.286736114995385,1.8536127789560095,-0.009101098525452184,82,132.41601402427528,9,4,alto
41.50080931893039,94.72544756705027,64.84830786081288,17.75384834536077,0.41476737407544295,111,934.04443077577,12,1,baixo
22.369748275595136,69.81417148378462,58.841656463486494,0.6270231430653018,-0.03612421613811159,77,1803.6640008958723,12,3,médio
18.29046956410687,30.849908828463573,53.10332991531553,15.880419527523388,0.2564178551577876,24,817.3960506754413,9,2,baixo
37.31839303353516,84.17771620649093,9.070967644205803,0.4771158687933498,0.5010767990063927,33,1573.8976399878663,10,5,baixo
19.618211244184764,9.429882308668544,57.6493032530972,1.3135565200496246,0.4561155414872131,87,1650.298610657826,12,4,médio
38.79150114797874,25.79727675870466,40.02441250836118,0.2384984906728067,0.30465541790466655,101,1834.3400293158904,4,4,alto
24.830838877706697,85.76471457173434,71.52796288849274,6.105817720722168,0.3290479939721157,59,2242.826165777341,4,0,baixo
33.36424647520147,28.057236299541945,73.58967473044342,9.495567739289895,0.12676955335076653,53,1081.4112481710786,11,6,alto
13.343735984213385,24.858595365957363,4.412527248142837,2.8464339745644116,0.3558825884241029,86,416.0801916561427,10,1,baixo
31.835076363680056,17.43127638262225,65.6513248283583,13.191833094024581,0.8532548557208343,4,797.3142885797236,6,5,alto
25.81186875580302,82.32005818822249,3.0157912338136494,4.461639143816697,0.7504529177837904,107,1080.4181379349648,9,8,baixo
30.531296211141594,50.0052433271978,29.37357005560181,4.97135779260214,0.0452328690763438,35,1784.7286733202827,8,4,alto
15.880497271070219,65.74038827487394,43.383998049686326,9.33519176502758,-0.07021921267907907,53,32.805313904083754,10,8,baixo
35.790581073046376,26.51597456675267,11.848063890170195,1.7605711210469526,0.8335243127166306,87,789.4634585996973,3,4,médio
40.197897714012996,73.22363789100949,59.70510500552614,2.186835965723955,0.42674974988074765,35,1949.606452548292,6,2,alto
17.585893003177148,73.40049904658886,0.6683763337710857,11.819745647766464,0.43783782314930775,68,1677.1442583267385,7,8,baixo
13.35000944320566,33.13382224174701,13.487923874722947,11.56133384964712,0.6807179957065224,38,1829.349933964013,6,4,baixo
10.827350511621773,41.961436970925455,46.463746388278054,18.750110993348954,0.21468897387132654,69,2029.5269235979868,3,1,baixo
32.46900251551431,23.872124968718076,57.15100496298339,11.605696637809205,0.3819075688360022,108,1958.0892971949056,9,4,alto
31.248291263107326,92.89049209906139,73.33144821551329,0.6812298604376292,0.8686629131467376,99,1705.4579153819452,4,3,médio
29.13440944499245,63.10423193525705,56.43973215476991,8.678529768365317,0.5721486869324072,108,1099.1538309264765,2,2,baixo
18.118148364059138,89.1089492643964,53.742341620389276,2.6367950681674,0.053745031995785925,3,2458.995822195385,9,6,baixo
23.68170985669301,32.30469892662198,31.547291708053145,23.44349595608736,0.033226747984353294,73,1422.6829889751843,3,1,médio
30.806671731516058,75.37018216972008,0.1027540421441131,3.1959563315879236,0.10426475833300539,115,506.92302342209786,6,3,médio
27.386840060070927,73.92727794962678,9.612740698849755,4.03534433231013,0.6667116744207175,64,732.0321377619609,5,7,baixo
44.572493207521056,67.24900866798873,42.764363580483135,3.7727189760343793,0.19537700384061604,84,1733.9061399261748,2,3,alto
14.77539133948566,91.90750777401203,54.010390867553575,1.941101023373164,-0.07861115332492022,39,2311.8489129986588,1,5,baixo
34.330059391665785,40.4199802495684,33.395862711717,0.38992710819538345,0.8441743635056619,102,446.8003230147438,9,3,alto
24.151156883650224,16.764559123078158,58.454320922271215,11.30008218317257,0.06971341639491066,36,205.86623936446586,3,2,médio
24.986986522396517,65.45379733196546,41.7489836265743,8.114536405509487,-0.09044181385193142,66,2203.8276201050153,7,1,médio
35.11592179803617,70.63788204294856,5.934095647544977,0.7513639295313401,0.13713160238332298,110,2288.194947282086,9,3,alto
34.235265296352935,56.75545161129332,15.361300077435907,7.4977245256416545,0.13502878711813368,30,690.9483632897487,9,1,médio
44.69395977957659,23.613610382005664,67.19985785951543,4.91544790883055,0.32200525084572307,90,943.2143109280996,12,4,alto
14.493800130894384,50.40103475024198,57.99301972995516,2.6309129357310423,0.8203898315000369,80,1650.469993744646,10,4,alto
13.643837728445822,33.09707629122165,71.5809589609996,1.465290145871484,0.7791849177790979,86,824.8250521061871,6,6,alto
35.351858599505945,43.471987535002015,9.404579929674926,9.820887348720081,0.35689455498242795,76,2192.8967706751323,8,5,alto
30.243542095224317,63.06967182601975,79.21780276920592,6.02300266143045,0.31089990499180653,46,268.94675678465677,9,3,alto
19.595623329593206,72.06932684217512,16.752537115994688,3.9674892155646675,0.4550090864748513,26,94.95555240048803,3,1,baixo
12.779677914614531,25.90022218112088,0.9423901029313608,4.702514140229245,0.14345401197176574,50,521.2155168569737,6,3,médio
12.998038735875069,41.4792824582258,79.79383512428433,0.4774149751320714,-0.04781500803363717,19,715.2194455124225,5,0,médio
41.296680613244135,29.224541389246628,22.48591083560905,3.2115076604107045,0.8392241361712067,109,282.31647822218764,7,2,alto
16.715356365156,22.87684524756822,53.44155620100479,1.0764988020688206,0.08669898487717273,116,164.22607335161683,7,4,alto
21.318004674043227,75.50484979962546,14.134585134104416,1.1683922387059356,0.09840072924571638,12,1889.0192837544955,9,4,baixo
17.93297407794458,86.83274249932931,46.418282575931336,5.413261088706777,0.37246032885394764,62,410.6914147556434,1,4,baixo
22.424870704117808,38.32089671161191,72.32279891636475,12.110005847358952,0.3916133448403307,43,2284.80549766576,6,4,alto
12.429834496113267,72.61510319363902,25.614493394275087,2.5855316179859065,-0.08156579029925806,23,919.9991536202401,5,1,baixo
28.167092681789462,85.72957604279699,53.62031808354874,1.164386813936405,0.04795473877397069,118,1676.5145243033635,4,3,baixo
12.36643972572752,81.15117894772084,15.03228710387332,5.231241693806242,0.27815481856074176,104,563.5052869220006,10,1,baixo
38.012477773782656,21.453204968530333,49.98363189749802,10.246969492772934,0.5837306935105391,2,600.8069212296671,12,2,médio
18.179922866865155,91.06626933620252,26.916028145400812,6.897960380920968,0.12841845683193584,106,1436.7730071689382,11,3,baixo
28.90041701115787,38.900879638651624,16.89666068703613,10.153532344152358,0.3230144462417627,9,1401.6073128649653,1,4,baixo
40.80276806465104,35.531659505645266,25.05456405629081,3.8453342674576807,0.45734506471646685,64,1921.8230700302033,4,3,alto
32.78070791665179,10.61881945500023,14.307285480623948,6.969138213215979,0.7885924946232921,48,1894.533264235665,10,4,alto
28.653522529296737,48.75562886943947,72.15328862703062,0.7544898078721142,0.2260705023271233,57,1676.7194116591527,11,3,médio
21.351681359038146,14.811225407683583,31.774950905370307,2.140659974939607,0.03355826586348351,76,1122.8264147337275,7,7,alto
21.65506695703693,27.36858388346834,19.622344397949387,2.467787600877392,0.38927222589760824,77,2226.600965701543,4,0,baixo
33.432043431936656,33.52483595905532,35.87262728127463,3.5799888526026513,0.6467216016840621,96,1556.446225553247,1,3,alto
44.794877642740865,77.79436911425157,25.642893344519642,13.230757386386266,0.009859757052733426,1,2475.496226155893,10,2,médio
33.16437164472825,83.79397853563069,59.55354030506608,10.369148993908123,0.3246834916969604,65,2048.4245448358965,1,1,médio
29.522419607950873,32.22196857153227,77.69759295083955,0.7223867931442972,-0.08221485873751658,102,110.77452809581555,1,4,alto
35.57276785837361,82.28283091201165,35.042692535811746,0.948481327464748,-0.06644081835274887,104,801.4847677007945,11,3,baixo
26.282196429930135,82.15078436328119,68.88267199777923,2.21303620183472,0.3829533632166656,119,1429.6892911773793,10,8,alto
12.104981991027483,73.81858553463861,45.26904588476956,1.7176927830199873,0.19819729815092943,30,1803.6738446787178,5,5,baixo
29.680388555726843,18.202560261366337,12.578853207538678,4.769585973631662,0.7451072990054122,67,1375.8412444048538,7,1,alto
43.516884957688305,67.12905622106561,55.249819366507325,11.653690878486184,0.5021543061264543,97,1965.3260561554546,9,3,alto
16.135602982518087,90.05216581225119,41.07475977006561,16.389354254377608,0.3539329617429904,82,706.6391318933615,8,4,baixo
34.1501711787233,66.42864308904413,52.04852186016828,5.300848129076235,0.30793537105429636,36,459.7801280820626,2,4,médio
17.032679103066975,34.845516419705056,71.1749930057332,9.105710758191615,0.3972454801895633,72,134.79170947442526,9,5,alto
28.753968956557845,50.052138568774815,35.23476565248369,3.7243312513668094,-0.059561168787338664,23,1433.2843614288051,4,3,médio
13.383675737635187,63.115253901594826,72.09420985738845,1.1680339204494192,0.79279335642066,76,1721.498801688738,12,4,médio
25.76298276903648,50.951336785565324,60.05352114253239,3.71892357732352,0.8983031557339584,43,815.374292798404,10,1,médio
36.46571651133361,15.795764755787284,39.08839407023878,4.049333176269251,0.08148712485869866,93,1533.9604621396916,11,0,alto
22.165003348364372,33.08576401868186,48.257770852637094,6.782853866427919,0.020382964774619733,82,130.3930771333231,5,3,alto
33.27191035705263,77.21564274982693,26.046490601520915,1.2415567867682382,0.04357746344859523,40,248.2333657420091,12,0,médio
37.84074862764052,82.52762414859657,78.68778397910194,2.2967855818323084,0.5610270582343672,73,1754.386930646246,11,4,médio
42.451223681780846,17.357002944401323,53.38809304403168,2.26299953581848,0.5614408384507747,50,920.1742630432469,5,2,alto
18.212472864940874,90.71480771588521,3.5077481997303916,16.024814764075373,0.747924162278411,41,1678.335077757514,4,4,baixo
23.976057053325786,34.59403560637484,26.129752459840702,2.934439987064148,0.6518263884262533,107,2079.302800699795,6,5,alto
15.33456046656461,64.60823648576479,49.8651547007246,7.034403410000598,0.34968967336933976,77,2131.556093690292,1,5,baixo
44.73692257554313,72.6642631361013,4.506662223939184,6.947725823794235,0.5128553615653189,39,430.41911366112737,2,3,baixo
42.44503387735033,78.07516111740951,1.9107353055314213,1.5431272073944076,0.5882846703680079,47,1215.7139308783662,4,5,médio
28.898499559819584,90.1174732003337,36.001939162224204,4.24163832827693,0.4127364702852252,112,1834.8168090812162,4,4,baixo
39.47116530317474,33.162759322594034,26.6152143754136,11.23588879705045,0.3756509844516367,83,1934.951490667276,8,3,alto
28.233529204521478,82.26558090963991,35.06388864265327,3.223668479073641,0.5450974456426533,3,1961.689951822194,9,1,baixo
31.82549908009659,16.851821309258632,21.015464790400415,14.5128043822643,0.45747454897565376,101,570.4183359514611,12,0,médio
13.119355124060581,68.45368157182335,13.177419755438473,1.2069082275955498,0.5439423053359104,107,481.33704430943334,4,4,baixo
36.43446471738828,71.77799565625872,55.13146855842702,0.3852643979455157,0.5128547739633639,59,1475.0311706842397,6,5,alto
14.46997192723322,65.99509170811885,41.16568930142404,11.102900320191498,0.6191965605136547,113,1852.7144943455492,4,7,baixo
38.9123670588385,27.70832625216377,16.012336899949347,9.408897863714826,0.5428035087828761,38,797.8487888354832,4,4,baixo
37.3709830684635,83.5738832313683,25.567154100799865,24.524540483717097,0.4197424864372673,4,261.76289215605385,12,5,baixo
34.80606442100418,20.19726170333555,47.344632613066075,5.6877036372423815,0.5817968112843865,105,1791.8659572751938,11,2,alto
11.265613318366674,9.827131236874775,5.778347861798228,13.798396180312348,0.34948196518542807,95,749.2445784500112,12,0,baixo
20.6094924580865,69.5718491550721,11.796240741294364,8.770845375964683,0.14167122597260104,5,415.9068107793046,9,7,baixo
19.2089399468795,47.79281437094603,5.859648328591209,9.303179587750737,-0.09858177986608455,13,369.3088209928291,4,3,baixo
22.604774261503167,81.41882179628085,64.9853866171295,4.209878562839343,0.4599641471458432,69,787.2738688167907,6,5,médio
13.067496136734349,39.505742695243306,60.19273865696074,2.4092847994418203,0.490655226608641,77,1481.6951647843637,9,4,alto
42.7935238060872,20.145072965694155,60.265034550340566,13.632960666603473,0.8720489647757144,11,896.0055967345415,3,1,médio
29.38307842493317,80.27979732228827,57.30602747808224,2.8292008832057607,0.26147833409427557,61,51.654628983578974,7,2,médio
20.693350873030823,54.40186684760645,53.550833893589534,3.8698274231912233,0.29413324282831177,26,242.2710866945277,7,4,médio
23.894353097599918,22.027621315131938,38.159353230254,2.9539847203740512,0.10179958134219022,53,726.2581179965478,1,3,alto
25.652088917669246,69.83455987278012,51.3822530805692,4.159958330179379,-0.029465704762678097,89,1649.2612053677296,11,3,médio
31.020801667621605,51.00022746405505,3.068924383037972,3.1791585302008896,0.6728044928617406,11,246.28768367133458,2,3,baixo
28.04877996937742,59.38816840162878,49.71715381254277,0.24578083824492197,0.14968106433932502,7,1401.6421337517047,5,0,médio
42.178719062504605,46.48085043859237,62.23021644295017,10.687395469569669,0.508904861030038,73,299.7146770600107,8,2,alto
27.39372190170406,79.58380854362058,40.028668830751215,2.9384777155111097,0.5877730355454815,15,529.0383183734538,6,4,baixo
44.725530518815944,79.6606444114745,28.601066274178955,4.445124828148771,0.3712366872916477,51,430.47131888940686,7,2,alto
39.799873521078354,68.84499396419477,22.19413878407833,0.7493946000826672,0.7763521130271916,25,168.07158892702623,3,2,médio
17.297868002506753,14.486123965681605,51.4241640129666,0.01696799866998106,0.3437948409797288,7,1678.3245434664757,6,2,médio
42.570832512537066,80.4968475713662,55.4240958903927,1.407109167799747,0.1849086230417651,104,1158.5088684650864,9,3,alto
14.072823925991663,65.39116824796189,69.6774079890034,6.096888127084617,0.7960155229616224,44,2077.6336022433456,3,4,baixo
38.610739797191705,67.73217494038695,27.386726596879257,0.5223297468017495,0.7615642842499565,92,247.2270999557924,6,1,alto
23.3218152716803,37.66845563634845,61.581784590846844,11.978298089945643,0.064039947076413,83,361.8323333451806,7,2,alto
40.72910121557743,84.13516005413061,44.908465935147035,1.2105015619262482,-0.07403898164607906,80,766.1443283761265,5,6,alto
40.38198415376076,70.28344402113717,70.62691925424633,1.1445105897138985,-0.010014443650379318,18,1914.6649673470204,10,1,alto
38.20738900411674,15.133141987627502,42.22496866364966,1.001458046531081,0.18654739855381705,16,764.397057889247,8,0,alto
37.65106527074715,41.70002309655464,41.41038627183738,0.07040188934651681,0.8722598017417107,102,1021.0467687467315,8,6,alto
20.663769868431427,84.77423257641276,46.23016651527273,7.387784026871547,0.45851615316082506,64,754.0089157429114,6,3,baixo
12.832174906793826,9.24770315276411,59.94522841139475,10.39858914902977,0.27326173202926884,115,200.56072950257493,7,2,alto
24.104306256780653,91.52749576778446,77.17523830627687,4.7616975387287095,0.7887160946127464,28,2348.5840572404686,3,4,baixo
16.073358024527803,66.12463114876064,5.885068337261252,1.0425062600501778,0.35313633147849965,13,1371.347480177972,7,3,baixo
34.32328811158616,61.82383798790389,4.274768191281373,1.6793080940172764,0.21523862840102112,16,1969.582970463742,7,1,médio
22.113490428822494,29.350333083919224,75.00402699258709,3.2306185695999137,0.8412195287456574,12,1645.89273046324,4,0,baixo
44.14635703009702,27.391260986525936,42.39005004145649,15.43331496461283,0.749517666192678,92,1285.6356976549378,10,4,alto
32.43402270708662,89.7852397539736,49.192241165354886,1.420783946637889,0.743668375419441,97,224.1956416484503,4,4,médio
38.786819727202634,31.84452088107105,38.59388812757831,6.577239582645181,0.4122847430502131,90,1606.8338631757608,3,3,médio
14.638363545964694,74.79547670470994,7.492596208597959,2.8941683240466127,0.689438398815455,62,388.4258898420803,10,3,baixo
40.17050687954179,40.38096183863713,61.44715027349332,1.7680222305854394,0.07935335926455186,109,1035.9579233906916,7,4,alto
42.296501667968805,17.53286637062336,59.777971607086954,3.0432575826573234,0.47322295755624366,32,1572.7828587010758,5,4,alto
27.047167158662756,5.964376792582305,24.93626571942496,0.369345405597385,0.8838459228475457,28,1955.5725011803086,3,3,médio
31.21885282128421,53.983160331372574,24.499139618272032,8.014481053751116,0.19095843051796166,36,1712.6129392715488,6,3,alto
36.76834303160484,92.82009366940395,67.02731047244148,1.393954765838881,0.6943523292476752,102,1678.833822636572,12,1,médio
16.11935195411444,38.2222574428284,5.7885806193061295,6.462419675884979,0.39047840720806726,82,372.60552293801874,6,2,baixo
27.589812676220486,37.147310059374036,70.48841186852526,0.35398161640306325,-0.060194316777912676,45,865.3213501789697,6,1,alto
23.953205972030958,35.968245606449784,20.532935191673154,15.516426640423543,0.6630193978156674,23,107.28068165048538,2,5,médio
15.12308972567872,51.84894535743726,47.438779820439514,1.07225090080279,0.06856914439211279,13,1798.6922329411614,11,3,baixo
22.863704780203598,44.65983950818642,74.87953432014221,10.716896468078938,0.5314735671327502,110,2381.4649532935478,10,0,alto
12.386030828492274,84.1923164054313,54.24980012293172,8.289812311815744,-0.014335805953027109,100,660.2759754476895,12,2,baixo
10.903416743232045,50.49687125511413,33.154384997362925,17.188257782770453,0.8468673974959648,4,219.2417729057733,7,3,baixo
14.730820120418796,50.69820543697119,55.162736712433215,3.2493912562190226,0.1917238871803609,52,1188.925191884134,7,3,médio
43.70902890562108,17.453443524850094,27.518370905309617,6.498699162857212,0.1264646916773949,87,2141.745557818922,10,7,alto
29.233533756325592,93.44655868193473,22.18067330793489,2.315820616710112,0.029136404066334304,97,1379.9354881794493,12,1,baixo
43.8037756403627,27.49756017819467,79.73466223477438,1.0189614897743913,0.8460021933390478,113,116.94287547528326,4,2,médio
25.13742574155462,11.60276607136424,60.063218494383015,2.9266318659178165,0.6119037424413052,94,2435.680601319865,11,5,alto
20.913564657984086,64.68316240776879,51.57759819054541,0.9061049055787758,0.6416608887180887,29,2071.624774906502,6,4,alto
27.714965199408542,58.58297331411854,28.4231714575455,20.099328213453425,0.3994045613802446,59,328.9851926287754,4,2,baixo
25.382909102151856,42.363108859347115,3.9328663324038526,0.5059931148073789,0.37472778527048345,119,2304.4943912587723,4,8,médio
13.698263949161037,42.997301049261026,2.484550082812449,4.4483866971886465,0.010021242991476637,72,1126.7207215129715,6,0,baixo
32.42892101415722,75.6557528941788,44.334500435903905,4.9237025300498365,0.4598410955839918,90,929.744976437353,9,4,médio
17.561336387835986,22.614137608968417,60.96261768312409,3.8618128672326986,0.14691649510879043,27,1152.6333263179706,12,1,médio
31.685578421424037,78.82279870504007,42.990335235508404,5.426297462543279,0.8771453328004059,105,2086.429892177368,7,1,médio
32.75703823393537,63.387240250551635,67.26280575512916,0.6175136693828227,0.6965809400151474,25,1648.6991957169644,2,2,baixo
15.320869859502684,42.707279640157196,2.6741226474577307,4.048613125549813,0.3129920601928876,17,148.12113099931884,6,2,baixo
12.147236948873385,46.222575492548174,29.34016611407521,1.6928601962139436,0.051341258691533026,35,2394.010927790427,5,2,baixo
37.32665551239539,28.098248646748623,18.965631293934244,14.081747094346861,0.685331691138784,7,369.4603336957944,6,5,médio
26.093014831926205,72.69028994272773,35.78183745256976,7.1789285775629335,0.022053767081315984,17,1863.9198793383778,8,2,médio
12.035732842691653,51.158726807474096,5.790111455529798,17.970480185076852,0.08933375349707048,83,1590.3413260703276,8,1,baixo
44.82032110094185,33.87690884748592,76.3305313256858,0.1913973439628279,0.11152051774422742,57,468.82011986640214,3,6,alto
12.022319634872833,58.644510418485524,17.860432085548872,1.678295063152441,0.4568906382730944,31,426.8301902826241,9,0,baixo
34.326233010049364,94.61610068461907,73.78462203868678,1.0871904587253587,0.6870566539903663,92,2175.8189842617303,6,4,alto
44.428762384219475,44.173605169089846,34.07145240293454,0.05608633130978774,0.2143148787246922,48,1049.2373087489927,7,2,alto
18.371303647557397,87.86222607007576,78.84193066041745,1.3875085448869064,-0.015330185724710593,47,1636.4412854353463,9,1,alto
14.978727904051865,36.05151559321095,44.32467067681686,5.67808264298871,0.3645384635244192,81,1260.1775096416832,7,3,médio
14.248472879785012,9.92594362324873,74.46662913406459,1.313899748137681,0.6481102411599355,70,1818.3837926898989,10,5,alto
20.614630164865844,23.3817895731586,0.4279190955378276,3.5565908424422292,0.12166384308738828,64,1198.1059375983264,9,5,alto
13.536603385372635,42.68256289949158,59.85910449447201,10.938168756896795,0.11992454803937422,91,718.449788138921,1,3,médio
34.22564695929462,24.767143573511213,72.24405224820123,5.916896899109822,0.8472270273467108,32,908.4584274912411,1,5,médio
12.180212934552195,5.020433439642998,11.177645358316326,2.5095695061581664,0.8541537271191779,49,2147.6942361258566,3,1,baixo
27.82977448524264,87.35013839727745,7.690068138572119,2.329810547298049,0.8904657320615764,3,1170.0867323068176,9,2,baixo
44.88438988485419,80.9491470107836,33.96580857487645,3.0416025699769227,0.7076596015747801,118,533.6233306115232,1,5,baixo
38.48895943271066,71.80630083382525,74.69431249063481,0.974247166150463,0.08818416916794555,83,2336.513470193133,1,0,alto
31.53268033808538,20.103313608142578,43.390924815235095,5.025620211739819,0.11198152079926135,116,1991.5011412459423,5,2,alto
20.71887672753141,15.832721858898745,42.19651709773857,2.263985130626406,0.24022524152239197,115,139.1653651404978,8,5,alto
31.836354270207348,11.084427452514483,11.29008946394575,9.565073166352871,0.21813253133349084,35,2497.3574049512945,2,3,médio
28.44645123690781,70.16262698956291,0.06316088745750292,7.064273114594184,0.8565277490780091,94,1737.3167411002557,4,8,baixo
24.912918436163004,88.59271646190967,64.8112072596369,4.714626058274786,0.6890739828816936,101,400.6664976014673,6,5,médio
14.574863185906981,43.74822388217333,7.005965038899058,2.2643736317140335,0.6240087921615539,27,592.9192032464911,1,1,baixo
41.03114753341633,15.722660479644334,50.70798549882592,1.1781802411142372,0.08596322405813181,2,1731.1137031038672,4,2,médio
25.742462708746288,51.11535386588959,73.16931636121532,7.483937109031867,0.8095255593623296,5,1949.402638197805,4,2,baixo
16.81178791372678,36.39487167127671,16.69215305267448,3.3316412143372904,0.7278703795061738,44,597.5898578745154,9,1,médio
22.871577280705136,38.73424319149979,53.22182689895286,1.2728488512340042,0.06364184132792369,22,642.4221347481771,9,1,alto
24.494541338512448,60.919756174013656,6.295886136600757,1.0856496909289834,0.7711703319609725,6,767.8017371801521,6,5,médio
38.9638263448406,69.68463019359821,48.30041150700904,0.9040189728979817,0.17224753637047127,119,1495.0459120915918,8,3,alto
35.67650331964907,14.954323898584477,13.11453767625622,7.506533109230308,-0.019130254167893962,60,429.54044575319233,12,3,médio
36.925671277446895,8.203120772582874,58.87628484121424,1.3002514233768285,0.55682230651421,99,260.60799721194377,10,1,alto
10.386094255002652,94.48972724171433,24.098503583512656,3.7395193122561023,0.5538046593843307,64,1697.160222713784,4,0,baixo
24.565389936291652,25.945551402399666,37.0712807043717,3.0032626301761534,-0.005067990434381914,5,1947.7448494829252,10,4,alto
26.84704530723633,9.844747241761317,47.95444336220974,4.332872830838335,0.21885180893658238,23,1252.3235110412636,8,2,alto
10.671729688806984,22.0887796186328,13.701872853299166,10.484155349359746,0.8928144622555386,36,909.5817756709635,3,1,baixo
19.093462306076198,8.506206171361779,59.33102548940967,10.115207368533701,0.5784266670087369,44,1080.106783816191,2,4,médio
36.610143809274724,40.26298051554545,24.211227250945164,2.9989770570876932,0.6300751666033292,50,971.0195846798797,6,3,alto
14.798839700514968,77.21616060061919,52.98974879302028,0.07742767556178748,0.11291728560430567,99,2399.962270594188,5,2,médio
28.735854600840707,35.71200047819485,12.662644055949892,2.77949681203929,-0.021217928996085683,87,1920.2247630478505,8,2,alto
17.53206552060331,44.97650661905299,55.04941273650802,4.659478510523039,0.17690168974093765,101,520.2180371252757,1,3,baixo
10.424227112536265,65.80280962106949,10.25504582483694,4.079566596238551,0.14889838519319196,44,960.4728801349502,11,5,baixo
18.44205101598395,50.800466306289216,34.02851970159869,5.268234373414106,0.1345441007480531,62,1360.0307284077744,12,6,baixo
44.155581421851885,82.53011174191919,19.776485899110146,0.8366272083630589,0.09275432188703955,28,1532.4646551592211,10,3,médio
38.053798915904636,82.94321075411808,59.8700199542546,5.199855439561568,0.47475569065540435,100,1170.4597400719176,3,2,médio
43.585182551236166,5.891962594203828,20.962800360549963,1.0084492988248885,0.22810347584182175,108,2025.3165875298978,7,2,alto
27.074891537422687,75.02416758348792,70.5373845116317,6.94196241713469,0.7203450150475305,95,1919.0150486455793,10,4,médio
13.840766953712622,46.46602402175065,71.34561691252902,2.070669972275631,0.08394741784738399,24,1262.8947965704167,12,0,baixo
29.178582114079255,93.99564871732967,15.715305217822868,6.187569232231425,0.3646270708685445,9,2136.0734669543262,4,4,baixo
25.90320670959863,48.490886828789165,49.10767560061794,0.24524538267879314,-0.08634216357392002,34,1877.7238261059647,10,1,alto
39.55249789588656,93.82063508494677,7.017411337597146,2.620061143939205,0.38168232245519207,54,1946.4546218016083,5,4,baixo
13.432890327448561,72.9112425085163,31.322967968130335,6.104484770558497,-0.04416177912352562,24,2391.0019485835414,8,3,baixo
27.088439795762238,27.37443961519757,57.06573836010178,1.286543682213272,0.8777235118726436,90,666.1673530230066,1,1,baixo
15.25170326428945,53.45554813582619,52.7538597479933,7.930732497943895,0.6905921286504129,44,669.120405917123,1,4,baixo
21.3636574411521,94.29220755307244,49.97605355252864,4.981809418890411,0.3901114766364554,95,2222.3806392266,12,2,baixo
35.80749770857299,82.17775469767314,22.603269092995486,4.428344175436648,-0.013412641820649746,11,1930.5659334641987,7,3,baixo
26.66063452790683,13.7630204412099,30.241995954752163,2.181288254201613,0.4924454407904143,3,2316.3638535890686,12,5,médio
23.156089980101925,68.57347971289965,8.235691576022894,3.2932599059904306,0.6587637507018775,105,157.82540081113265,9,3,baixo
23.806669749951237,36.10216272837317,57.52182563468808,4.548429223440404,0.09071725300474529,89,1569.3926931539913,4,2,médio
26.080636894209533,5.628403569231331,40.311103743301885,3.197672971243481,0.46820834078749085,66,361.57084530861863,8,5,alto
37.47557903429699,41.31328721242996,56.70125058765237,5.991831483356085,0.714210898382868,16,1259.7429957314566,10,4,alto
41.2229641129082,26.127897955247416,19.91548198374982,2.8431294510429868,0.6682477776463164,72,389.3673296336106,7,3,alto
43.43671402763749,78.69823434684244,25.955058290805297,1.129945365758563,0.7029920178671529,92,320.1962724621982,2,3,médio
37.54161851893533,35.35975479611889,26.737226980809172,1.2035712215060714,0.7793234248697198,64,30.42086345508288,5,4,alto
21.039241351180443,79.47713245584353,2.059392779777296,0.029103380792518504,0.8376821021594703,81,1575.5970309572608,9,1,baixo
34.08471471302897,5.0538144951315775,27.28382982644988,1.7902202290747686,0.30552115520353595,104,897.5565417252152,9,3,alto
25.316109341938716,32.70372350235073,64.26436588144269,6.909871340440961,0.4687691025228773,52,262.97071219742924,3,2,médio
18.91347177161179,26.704869287698575,71.78387965997908,7.903346355068352,0.6906595260456109,83,807.0944443282746,11,3,médio
39.430505279907294,26.021062496174988,41.45746525087419,1.1311637279244233,0.5971398139457832,56,422.3602286289624,12,5,médio
11.344922213681375,11.136795778891642,36.44013561753762,15.976284414402313,0.8955202282643788,104,2354.2370787541486,3,2,baixo
41.56166972473982,21.841184336945155,2.4659694959496203,3.4898217573996626,-0.08632234889535587,97,800.0122144033703,2,4,alto
26.151711261865696,54.99946128970579,70.33634700683061,12.443293340177435,0.2551332153157907,114,834.8838082234747,7,2,alto
32.302051688289815,31.222496555397004,1.0408170740698175,6.13390952433278,0.18102792627020245,27,2099.645008498964,6,1,médio
33.07738727720239,42.565530409623314,75.58000641681694,6.408472287673942,0.1623158501655346,111,1619.3894032150106,5,3,alto
41.32912092472877,38.918019231246966,39.13729989504725,0.44439444200791817,0.12252978249888577,98,1775.4290185075033,7,4,alto
32.283438875852255,83.83144324999051,27.35475948597813,1.2422499179501871,0.6091238408152291,15,1590.0045099724014,4,4,baixo
31.487675466602163,86.47690991094639,73.93747478741281,0.04426956882766711,-0.015240526724678155,20,2365.4907098714134,5,1,médio
12.33282141962415,49.3661274490274,1.951279448807739,6.29615290073483,0.6416088339433383,76,517.502078895113,9,3,baixo
28.144280768082144,34.714035528404395,46.51399158952697,2.111314179679275,0.5934258420162735,98,2472.5981043894894,11,5,médio
15.255915028596458,14.612063360212726,43.91460195994701,7.724165313021006,0.1508041325008964,41,2077.3904438912828,9,2,médio
35.810181905251994,90.80625914438855,17.545632096910566,2.0695247676182587,0.15283378316516125,53,1472.4314721908554,4,2,baixo
27.927767228443606,10.420425041026771,34.31099450801685,8.555519426053378,0.5288605853445022,31,1655.9290609906225,6,4,alto
33.80797227229237,31.78852498114524,52.181120475501615,0.7003249004850567,0.6621711054836779,113,1622.0646912515351,2,4,médio
11.45855152108345,31.825958105300373,58.1704957505542,0.9520095157429238,0.7764856130873655,37,145.99056014788476,3,5,baixo
12.967720561603112,33.83611575261934,0.057348696526382525,2.0842220846693467,0.7521395638544758,69,545.0412463298466,9,4,baixo
35.07131858219388,19.785815894516837,74.94827440728122,2.625361376100046,0.8648829941638532,113,2403.6772113118727,6,2,alto
12.522951759953568,75.48452878313275,13.162029791424992,2.1439461459071114,0.4813848953365112,101,1335.9110721484483,8,1,baixo
12.49398547178405,16.02480757693903,18.686434737788737,7.212144831939521,0.8086555613403597,37,945.8840081547801,11,2,baixo
10.42379663322106,62.141599323784654,21.07787565550786,0.509894491252697,0.7085132732604108,53,1905.0961584726874,5,4,baixo
43.4775489404818,16.14614240352357,3.025610924162825,2.163285045067167,0.7946676243140136,59,1311.297356639524,2,0,médio
35.81279258106524,11.348207383366091,9.844169887225993,9.077392764358112,-0.08837339871463337,76,32.906928579743976,7,9,alto
22.363799297572246,86.84865533172888,78.90799383553296,0.3456630344376461,0.865902991865811,109,1840.5939917877947,6,1,médio
20.378745345067934,22.11158896868351,25.217338990182885,14.26626211163031,0.37353016284647833,116,1830.5439001321533,11,5,médio
22.239613041104732,78.91251391037339,9.224087227123947,21.457947826775996,0.6981829895748429,102,412.871780274936,2,3,baixo
37.11287359134137,54.01677839964222,8.559300893969866,0.46369240333338774,0.027204119337780858,76,2391.6502210605336,6,2,alto
33.14797138746451,12.007086764789264,57.55679741359775,1.7214210093911355,0.2959410958139741,46,559.7703288527858,8,3,alto
16.48184487536138,90.99033722942607,68.36549312261127,2.3292665968281328,0.17146066302099092,11,1144.3734184554983,1,3,baixo
16.093826736692954,27.226505029270328,20.55618396067759,7.489289683571132,0.19165877050093702,52,286.8399031522867,4,3,baixo
13.443847739968906,82.36808108173459,1.6727609868187976,4.530796296506212,0.02325561995088174,32,1508.205798626471,1,3,baixo
33.110595189546835,20.192900520610777,17.847201475628466,5.169261623430804,0.705763832543007,27,938.6278001430312,2,4,médio
36.75304317776076,81.85485939276676,4.521255263740587,7.083970379465371,-0.09075768541892185,2,882.9336555242637,1,1,baixo
19.27662499137514,6.190593161476459,8.271594930403321,0.627697065483504,0.21250545698520248,81,2067.442193052368,6,5,alto
10.733073636081949,51.06024109125326,34.52064958781139,8.95508243384733,0.07441054321641502,25,23.904282126195607,11,2,baixo
12.876008361674957,74.24983214794011,18.393469668930607,6.114415820118802,0.4890389406083405,53,1994.8669272310563,6,6,baixo
43.87510121957607,89.1315965743505,41.27567028203387,4.305956437078624,0.15425240261454384,39,1428.6214143701966,1,2,baixo
20.34056721170971,86.82819225858384,20.27950026057523,11.024358778302572,0.15899845452809966,65,2465.2462837004978,4,7,baixo
36.92281017433467,78.76623825928804,75.24298408823581,6.024972528488819,0.38833814399531874,67,1473.6080515106225,4,2,médio
31.86322490989923,84.93722146951737,72.47551743410116,1.12635382759847,0.5526890393409257,113,138.4478353698948,8,1,alto
23.367887387851354,22.929771725336884,45.34448840083728,2.8083615901348695,0.021304704565163618,91,126.6133161093158,6,2,alto
17.199054176844427,30.57658661405559,28.353919358990893,3.406516652738383,0.07551145246549615,91,2207.8824659295797,2,3,médio
14.248524635579225,31.007167242895267,30.491750562778847,0.2840033543371921,0.1471747445945176,88,2103.035363777633,5,4,médio
31.52545388136033,38.93485379015289,32.948182651559755,15.465349004803082,0.8737482141179606,89,864.7251889550581,4,1,médio
37.11218232232258,40.398860334666985,58.20634577079552,0.6881403530808673,0.29715249994292037,108,1545.081210452843,10,0,alto
32.53664887393957,54.00997921892079,36.131119641507034,5.977729837411253,0.4989900906310265,46,1223.9783926390007,4,4,médio
28.56057466372054,19.389178702979727,68.5383957204718,3.5284377779358294,0.14154281271597788,1,2417.9101378401306,12,3,baixo
11.46829282010727,67.21219974073904,75.52758287442916,0.12983239873127211,0.39045952515748794,41,2374.902252192229,8,2,baixo
43.89710721580343,20.080988537405585,26.87569227031471,12.934529162924875,-0.025880825614041952,33,2459.5975213519364,5,1,alto
37.95499670791011,32.92776338940928,44.85555851005441,9.547204847835612,-0.06525785407767307,93,2166.1219515856606,3,3,alto
20.248771284533767,50.301061754553864,7.6045229466051545,3.7143971847849517,0.3687335268214602,20,2273.878976937753,10,7,baixo
44.298961527559776,76.67965053711296,16.037523821308717,1.2999605860804622,0.2986592875184121,107,543.196946917841,12,1,médio
31.065855637271273,71.55223099148546,33.07726133681281,0.6483963404191874,0.03688031969182767,100,2077.5169724744364,4,4,médio
30.384793037253626,63.098092076947005,16.49621727214231,2.2580097527831087,0.5876014289207337,43,1772.1427830106868,1,3,baixo
36.182561280033624,19.019593452215314,70.1248392630974,1.4747304989664798,0.8929034908992645,86,2406.9662720701754,6,6,alto
38.41194258315481,54.234081105402,12.662900484727846,3.5330996694913797,0.2956468211967125,96,1428.1545711065485,11,6,médio
32.9767512566026,12.87018516198969,36.45286572424736,16.96752960316713,0.5245586359173945,1,212.91791677639088,10,2,médio
14.483351122817002,38.96268591169857,48.45593923679005,4.277783441747661,0.8629759423644857,90,1493.4972279678823,4,1,médio
21.839362709807446,42.216487726096325,55.349112652867554,11.033241724445844,0.7315349724468753,111,1716.4523200532194,6,2,médio
42.482927411411744,8.583029550117844,30.645549578120537,5.261681232651188,0.3635522233026858,58,550.8025717810708,2,0,alto
17.861546414534818,29.658928952297465,69.52792549797829,3.2241335056346627,0.6374894844599194,85,985.283458781821,5,3,alto
23.025845834312967,91.00845205398404,45.46553208623404,9.641593642661851,0.028135040250524018,97,1496.2585351291998,11,2,médio
25.12269090304686,90.82693470467206,35.16062243580414,3.1873147489376925,0.41210385546379924,15,935.2643432912638,9,5,baixo
25.379174639305827,36.70943488272854,5.3792507241629295,10.14861791680785,0.17906027717993653,19,937.3692930966598,8,2,médio
31.452885387308392,8.879009805349165,37.175157475613204,1.7235679040223773,0.061163687896161084,25,332.7165979319935,3,3,alto
43.00765432106476,21.118544539536337,65.65886726525842,0.6894935704549342,0.3262809062545349,15,2351.866807694165,1,5,alto
18.424244914137674,40.299601409018614,49.16328145770524,9.665963056921246,0.031014554433614422,69,1876.2359612377413,10,4,alto
14.252548170532133,90.30017281723067,66.57299629832947,4.426567154101588,0.5989851081744856,108,3.1085971652550226,3,1,baixo
16.911467145097806,17.70791571834664,39.520933647944446,10.995289204891163,0.35624004405333554,107,1914.033210055413,8,5,alto
41.04237150732443,73.7164259301391,9.476936407558547,13.889188931912024,0.43114463256466384,22,1849.4874816446468,11,2,baixo
32.60337844293221,14.781428543722287,1.0911876668704856,0.27559982523566257,0.04637593866815701,41,24.327400388807487,3,4,médio
20.006737623370604,93.31318196521491,24.257563737487295,3.4754383290097453,0.039771661093494476,36,924.0107440344115,5,6,baixo
38.55814286390161,39.34548491982215,55.8392377198234,2.3497345468679236,0.4834154352601241,71,1516.8692258138267,2,2,alto
40.14794987272026,74.77110850091505,63.2207923153355,4.915604678827645,0.8850097478294463,5,1131.8766296450897,1,1,baixo
39.628001854159734,35.833197453001866,23.660226769626355,7.889482985353162,-0.003749416762274388,36,1944.965296801268,11,3,médio
42.162428677384405,61.490198944292786,39.652313670659765,1.6466207377753013,0.18573142856578126,115,1063.645831586085,10,3,alto
18.828435706067655,22.281447626603306,33.68951235472653,4.068652490941574,0.7694591165378876,21,384.6574236345926,5,4,médio
36.426467506119735,18.141891736726627,32.841822748114225,6.167498657078268,-0.027727987744763066,5,2441.0390606845713,5,2,alto
26.1188824045949,89.42577256113182,18.50789705601204,0.7218414027041299,0.7758857213669513,117,605.0999819401165,6,3,baixo
39.46994935115215,87.58825501139901,10.90968840235667,8.411841896976496,0.4242859833747512,31,1794.2307763533308,2,1,baixo
35.49717370065646,84.87220461915942,15.73508465849705,4.658412902984691,0.3082667739264259,16,357.8907791601799,9,2,baixo
37.17566062749036,61.289010514993414,4.426590973067688,14.932617733021182,0.20968056435145585,37,822.5315344598316,2,4,baixo
32.965664318837504,77.74413900946504,15.850459345886163,2.0740096983675587,0.1971171581278419,16,1105.0690210760595,2,5,médio
16.21000693143974,11.213324322023741,0.7360718100303565,0.572263861368796,0.20580258244947877,36,480.58001131765974,12,2,médio
29.07594216139284,35.131013770161125,50.18067205087826,3.531174269118351,0.7848030809601958,22,1124.8989409215237,5,3,alto
44.463440883357784,33.233281228144065,25.310032591014632,0.4485884790786623,0.6237952301747856,48,392.907057479375,9,2,alto
42.808582327399165,62.20807897573519,77.85157691415269,17.45449295442848,0.5697230078311506,60,1397.5163474647254,4,1,médio
11.511080752895408,37.03619961235765,15.497364062103829,0.19726548369867355,0.6987491489520008,48,1659.283131300485,6,3,médio
15.768518550530299,18.365610347931273,27.66628562476751,7.002045558088803,0.15711466300414498,60,156.08571007002692,2,5,baixo
14.610507070909666,58.682036787218934,28.62729269132266,3.723280366117186,0.5180428120817557,76,2177.8303027054203,4,5,baixo
35.409296849485344,78.29455286021734,0.6761196849968432,2.2992420622486085,0.360066238957951,31,462.8522126050888,12,2,baixo
38.62248654499308,39.39111450139759,67.13663624315672,0.34054933140760435,0.6824416352001934,85,563.4060633008095,9,4,alto
17.472897820873516,16.904184358863354,2.5595568115459777,4.86651389619345,0.2092561104732855,62,1653.3746002076575,2,2,baixo
27.704844253314015,22.701937758154074,75.2143867783393,4.400039069656779,0.5431786168698958,6,1171.8776510860353,1,0,alto
39.424605980392,26.373497465244558,71.36594808748966,1.6486579410875277,0.7822124118173135,21,1248.4889979276643,4,5,alto
35.64805406681877,31.99078336950826,42.841753286877086,12.052059983456632,0.30215047619492874,84,320.3874614078317,4,3,baixo
28.97830219221469,62.85155634556782,43.48764599290337,1.8128184383351555,-0.03337791263253856,5,2014.3395546910206,1,2,médio
30.66216916605705,59.08509360839471,52.302233836492505,2.986689359361354,0.4160508223417928,60,1542.635615260525,4,4,médio
27.7926191420698,67.64718754103353,30.964000954790958,3.9237083755086704,0.24597248780702594,13,338.45510827364006,3,1,médio
20.414195796158722,37.62517860783618,51.77778267182844,0.528090956357158,0.572225380547175,15,934.99841756399,2,2,baixo
29.775769750065564,79.15978866919805,3.5814710950789497,13.453143150008442,0.8510329247486061,2,2026.0248318375754,10,3,baixo
34.110985571753176,23.367889504018425,4.323810187978125,2.3463087421452036,0.385608317996847,8,1420.8876149665516,4,3,médio
40.56630205512827,47.213667276633856,36.57843356956355,0.4211446971235153,0.36619023015553387,46,271.62194783232616,8,4,alto
32.27019738927368,77.08448493872872,43.9697840884828,2.449327268660864,0.5545848001914603,84,931.9426144732168,7,6,médio
36.63925379651053,21.21427829593573,71.02541122686551,4.5839861392652095,0.00349750359356768,113,606.7359961393365,9,3,alto
15.602507223410054,14.887680236670466,8.3728507126317,3.604161216501102,0.15350618892501464,93,1293.6638841343158,8,2,médio
26.154511604692647,84.53155709191907,65.81183417551115,5.929714521836729,0.8189793255003985,93,2108.402822179974,1,1,médio
10.326606693948266,35.86366964832763,16.80378698336557,0.2854129533442811,0.5699426133637663,41,1090.6678370110494,12,3,baixo
18.633760258256807,66.54831124181288,31.52669188080255,1.674152197444415,-0.08655595601658375,41,1083.3550759208076,2,4,baixo
35.42616002895517,7.281374383754463,25.32819478619303,8.552664825086197,0.10462547255901986,95,2263.3772558175924,12,3,alto
44.71334829722772,67.10421995685047,32.01242182923192,0.416330294333485,0.5828372660288991,22,1440.463531268181,2,2,médio
13.471233485552556,33.44911803922734,12.039639845806844,9.67189288408633,0.6643992025625742,2,1415.4777184935172,12,6,baixo
24.052301055145087,10.016676822869757,40.2856059522844,0.4819823544485924,0.7398595726740419,0,654.7747296884735,8,0,médio
38.00248390447058,59.883148539330534,64.13140718650938,8.992537376223556,0.19217680338204488,66,1519.3068695928157,12,7,médio
17.14124721201146,26.672343446585593,35.32272083031175,2.2375986934886147,0.8310285962775626,100,1439.776168543491,4,4,médio
29.42797322558002,39.8126517846692,39.24908607185593,4.736444537019629,0.4529468935778924,70,992.12867585466,9,5,alto
35.65749536103861,12.252273105786223,67.90140682250514,0.8296065885316962,0.5965390223878929,2,2476.738914747951,2,1,alto
31.559490759106268,18.24469259854508,56.48464917104246,0.3422975065840349,0.496738862779908,99,2204.727412370217,4,1,alto
16.580865711539566,31.817951194625937,39.23635268158278,1.216337201675419,0.022740054674620452,48,1873.965725192039,1,2,médio
22.43845990400088,13.078355050414142,20.615651855134374,0.6839911455510518,0.8631146593848799,66,1343.3639710325012,3,3,médio
37.4327124569889,86.97436382176836,70.79413974759733,1.8727829135286798,0.022875579894152648,54,1155.1495047365756,6,3,alto
29.39792799462058,5.544233886558057,46.161632135244666,3.6116776961844095,0.1548819564111836,3,462.24348805799843,9,1,alto
10.183036474001947,48.54741969778803,17.69180880885547,4.442884944377793,0.7136278802229802,30,764.3436850365592,11,0,baixo
36.63467660098328,16.09227123192963,21.52958021104083,7.800099426577028,0.5185969615011015,65,1934.9019995580254,1,3,alto
11.235897422908367,32.69111805301537,64.25064711489968,5.33905614487125,0.738149165376357,77,1134.3723848438785,5,3,médio
36.100682395593125,88.3453603836439,3.5316449669964367,4.692149078202787,0.4157361883740449,100,2205.6737914237533,12,3,baixo
17.086819605783308,19.552509794658818,79.3673749623056,2.653288491107753,0.2769932353666349,63,369.77784086382195,2,1,médio
43.53257180417831,91.92490877464994,10.428134377183342,3.2104497022763923,0.821845499547785,30,1270.8677400340912,7,3,médio
22.877926295572955,23.521493929047953,63.685482031754994,2.676623359830251,-0.06374768248520515,116,1617.4142100532717,4,3,médio
21.44260657183277,71.74094976201467,31.582025341734628,9.231058108151203,0.7561302203530459,62,1292.121140769815,5,6,médio
15.211081761635564,54.200953840758054,39.37729466299735,1.306826759298874,0.13081778518778162,65,2223.0672289624677,8,0,alto
20.69614754215752,84.60308548370833,70.45204619716623,0.028686793767070295,0.7487363277539678,30,2473.9082045728496,2,3,baixo
40.68277666398702,54.85939299528179,33.032895167137056,5.268001940439284,0.0391966134168856,46,289.5866458534244,3,3,alto
44.87170181695365,53.11032972406778,42.99950029385876,1.1311301340633557,0.4802189636905405,106,324.8872601923025,11,7,médio
22.89083356773969,22.59122003315599,3.9439729927335954,11.041610775408397,0.788107919011472,21,325.8102839003027,5,3,baixo
25.70137208340899,19.960642584649285,0.1877979093962523,9.796620110389322,0.3735396468988905,73,1702.942740176319,10,5,alto
35.272482837095794,87.48402360039628,19.583989840138074,0.39915358200415285,0.6465666738033929,115,931.6902387395947,4,1,médio
41.01685231627761,34.50543789650307,54.44664743350138,0.5624202808520319,0.7046716178555584,93,1833.286653164765,5,5,alto
30.756551696537446,38.48740294666064,9.701191468730936,3.4176834703719763,0.6364942087167792,96,1013.6786822174467,3,3,baixo
23.703399436224025,73.38412925855495,9.100956704363954,4.698086756023728,0.8253297368745983,82,1569.016803330159,12,1,baixo
24.44176442970183,35.49411341805266,32.87684864287226,1.6072860053010838,0.3468342305199287,45,1924.6450141972339,9,1,alto
34.34663512738824,90.68562019751025,51.82696308865812,6.307969273464259,0.07312543916515576,88,1370.5397766373014,8,3,médio
10.112639226149755,71.41349920989202,56.96575937983444,4.518304388074792,-0.05218893629752022,57,1348.7589761250151,6,4,médio
31.685626811094423,58.7686318316078,14.276053927869983,1.963910219519537,0.1464598696375051,118,220.58581321408616,1,2,médio
22.442255365447508,84.28056444902772,6.367051789763396,0.1284944698253155,0.0431975038802421,60,1026.954357273587,4,7,baixo
37.796906594697944,9.464531751453448,75.23176271564354,6.934478335310747,0.4579487414344805,117,1364.442883062344,7,4,alto
13.254672393809626,28.135642297028788,20.853310604968136,1.208789044642053,0.084945337211732,45,1154.952064166025,10,1,alto
30.58707934319367,46.853270079881895,68.2677198086979,8.993127234879628,-0.06106629271062883,0,2251.9550004710636,5,4,alto
26.834051146014332,25.42806855243689,69.07931603702546,2.7261387453857866,-0.06401017113133214,95,2266.3265802987235,4,4,alto
32.481393406682955,71.95146685719368,61.80180734100355,4.302830981023388,0.7315694983648616,24,2054.7934514719045,9,4,médio
12.269875806903892,87.72872279483526,13.506688532205606,10.315822882102852,0.49144993144302485,60,938.2451884328,8,4,baixo
30.299432559984595,43.1393107937831,65.74411674033603,9.96166088118778,0.2580853018933782,104,1793.2478792188358,3,2,médio
29.65196057858333,35.79193401007055,61.54004473932694,2.3222519870457665,0.7942280427402469,80,988.2211526740244,6,3,alto
29.623103304565984,91.53956589238096,47.73783920849737,1.1715842837425656,-0.0298033885922864,13,581.4839974393976,12,2,baixo
31.12206833087592,45.03671895447867,26.97616281351622,7.4615216098545485,0.8803220727278259,44,857.256608877204,12,3,médio
33.67637780292267,49.01435604043549,21.000688341323528,2.8376871891040993,0.516291790254461,76,177.4115832138387,4,1,médio
38.174614988826946,36.648488510771486,9.751136966428717,1.0662259701906742,0.08346425396884846,101,829.443772511618,7,3,alto
19.4437252044875,86.85936257109245,40.780565352069715,11.73923790533015,0.5790690989769686,38,1151.855543152929,1,0,baixo
38.87672935630217,56.20599349536657,46.820870040787725,1.1038829878102057,0.6633812597835627,65,2388.702236952075,1,1,médio
27.438948879220877,73.59571284634802,28.74711924126298,0.13073007832564015,0.3293427833707745,31,783.5264655490623,12,3,baixo
12.69703976970159,78.06260465157978,38.028725414469484,0.10244217825873925,0.7616326062455474,95,2256.1338480138015,12,3,baixo
12.049282523539272,35.766413772553236,29.081156589541337,4.868478539493803,0.0507324072964703,57,572.1456895587427,6,2,baixo
21.698341154362126,44.03248981883421,51.2804845856561,5.418742432423425,0.17883758357760834,103,477.42224439812355,10,3,alto
37.471394198901365,81.36245969656382,72.10073662372507,1.8628726981822687,-0.006507638416010236,55,1297.4886410804124,11,4,alto
34.76883271593205,37.69298165082292,13.11362096375559,1.9283932080000785,0.11087784060735215,5,1681.278423243515,7,2,médio
37.601523763534225,76.45416201066662,30.512704792249874,2.073744712176542,0.13872881191114503,88,110.83062700570356,9,2,alto
28.104416975456328,89.68930903169934,11.269488316068905,5.699649322950201,0.8176331909217102,66,552.6646626180418,7,4,baixo
25.40696492844217,61.088933576120624,49.995501632626556,0.2994602159185223,-0.021890311248843802,81,1139.209166253291,9,6,alto
15.160838434719938,71.74645587067,58.309640759087664,13.233577582470232,0.32741512018770946,49,827.5108399579536,10,1,baixo
21.486746376325904,77.45875808370214,74.55301860779647,1.2584935088061018,0.432398687226913,117,1781.5526983708046,9,3,alto
25.190677816085632,81.05356840069783,22.309754100877193,40.1308911789051,0.7986930538021608,118,1277.901490103292,8,2,baixo
13.101015038786603,40.554800407111635,76.01689646923441,0.9408291695275075,0.8976962186612135,37,400.8977640097505,7,2,médio
17.721418344892392,9.613711325839835,5.061013745653984,7.382112017981952,0.6533881149198358,106,2236.163448287726,12,3,médio
30.93788529223086,41.16886441130656,48.24110906916705,1.2642300773576263,0.8707909905690295,2,732.2641887083989,3,2,baixo
35.748208998371645,65.63806068056809,4.570617547466398,0.42151234684827926,0.6871011325358738,111,1827.8277724110587,11,5,baixo
44.94216289875324,45.53153472027135,71.50193502095559,10.394541393475048,0.8632026409714166,4,1949.7894477635248,3,2,baixo
42.658966597024516,72.40668357743587,42.38472456560433,9.786164118105528,0.6072707259444552,23,2407.8942506402554,11,0,baixo
32.4897819837317,37.12841865217975,53.547868061023685,2.583970267718771,-0.020236574548928937,53,1246.2686663102534,5,3,alto
24.743681865292523,62.12697269936266,66.5259140728362,6.059960071067389,0.30192018699267653,33,1539.5887886610803,7,2,médio
32.26620776478815,21.777782436857713,12.0248497987175,4.071671761286121,0.5465972838024704,110,837.1907336988344,12,5,médio
37.49780663280812,72.44324929804613,3.0873249550507076,9.585120951612186,0.250718509454251,111,1695.4482335301664,10,2,médio
14.141766682318556,54.112637193172326,70.31049167302817,1.892090755463227,0.1733839181137786,38,1158.4587146657993,7,3,alto
24.346671139370088,23.365794969194052,25.1946581967146,3.70824713089885,0.477399267133091,111,1094.1309118110557,1,2,médio
39.3930799972466,31.272005614802655,10.318312634173221,3.3215584536419263,0.8335018767024349,87,2138.6688227902637,8,6,alto
23.434153317656538,72.3747837723649,37.47689896696692,2.1840500301811576,-0.06501812648384644,99,125.42210874672166,1,4,baixo
30.01552949295153,48.43411120953686,47.8644860556815,11.102955200922668,0.6692312035414377,91,2204.906069579671,11,7,baixo
30.571927630176937,24.442829635376498,2.47764827380081,0.9068775701430254,0.6227272780446271,47,2130.1745945713924,4,0,baixo
16.45666885967738,92.05440713332679,21.99165266056702,0.8097051268220924,0.8639534253882871,48,1265.9156339044728,2,3,baixo
22.678240457830093,69.36125178351992,2.623989942151681,4.300846291581934,0.8307112223325436,33,1225.5071355140706,5,1,baixo
21.707895105967623,91.14213492858165,33.62683113563992,5.357333873312343,0.6622325620441929,79,904.5184200887254,6,2,baixo
10.916884798622268,43.43945408243089,71.60800232529954,1.082200686935668,0.4204087646825987,99,2485.4344792043357,4,4,médio
10.846711736197433,47.759030662254844,78.61219291948554,2.477365744239017,0.10426755323351986,6,277.92333188460304,12,2,baixo
39.10939652865207,85.81596945665173,50.963804280290205,14.646338321834655,0.4452357183255744,17,1475.5380890715176,4,9,médio
19.557478349048434,52.254440622084616,12.931015502767345,1.415910547052961,0.6653519939196538,69,1704.2039752810426,7,3,médio
28.13275681835854,68.65510207151004,72.46795119994447,5.518536764217233,0.7956692126378931,113,2335.825020542361,11,2,baixo
20.455395075607058,27.6955589745977,41.29982585600484,6.738242021259715,0.6897120092105491,91,1950.5087421419037,4,6,médio
42.92377357903692,45.205382183237646,12.299944968233447,2.972202055470042,0.09526693519105398,102,1609.6180070288672,2,1,médio
19.075386560302082,16.11048792293196,73.73813355613291,13.865022984284856,0.4996863142280594,33,292.03079203030666,4,4,baixo
25.03798844586273,23.53820322892655,60.59752405784824,6.671484542706624,0.232173459531357,50,934.3337920786685,7,3,alto
40.545558766961065,5.084907374086798,58.53642181785212,3.0617506783750525,-0.09079433260935701,104,347.1041063699631,1,4,alto
39.467674837713304,8.533854648379421,56.73445630355238,4.212126109032466,0.10022093578866606,92,2203.0318311637843,4,5,alto
16.513549624619706,92.95554408592363,16.027185687715388,5.89824590755782,0.013220649933449263,67,1874.0528889091074,6,3,baixo
38.09251584284986,26.811832562308606,16.880535336602087,4.484771708763116,0.7427191235394686,13,1893.8419669930731,8,6,alto
26.036541035826243,64.69796385536017,55.0634398741804,10.547342721184547,0.15850625214781197,68,1630.6412944338601,8,3,médio
26.90391052298743,80.51897289196503,17.57782000883175,2.2071870810207854,0.1846979688875555,88,1267.608842341774,9,6,baixo
14.671799034558031,54.559441331290785,35.09373574424391,1.7825586438367294,0.8599365717988843,102,374.927648658743,5,4,médio
12.821052981499363,18.783005007556056,62.56014604751531,1.202967661803056,0.2790867230488522,7,824.2372167626294,2,3,baixo
35.477875744081786,70.53047936025497,62.716201447827274,0.19257624419467934,-0.09041435985560545,14,342.2894811922264,3,5,médio
27.37614033243549,59.02262690896247,36.26094180206877,0.2198323973216676,0.18384614834613652,82,1812.282857130858,2,2,médio
25.289774591531284,70.81255304126375,63.37519506201961,10.203227405288889,0.019299580601812444,58,400.5719400550126,9,2,médio
35.53278800283388,74.27719605713784,67.08974369584455,5.672127154887477,0.0028085617358539483,10,1755.2838754292138,6,3,alto
36.79295146468884,92.78693309162706,52.38206010274082,5.401884082363123,-0.022512709864250496,19,1730.6384739897617,11,3,médio
15.561785868427375,56.6206952024039,18.274068184673613,4.767923158778288,0.4932594701753773,54,1148.2611974782224,12,1,baixo
31.357880231717445,35.747700142154166,21.9209424308438,9.45963892836294,0.08934772362985863,35,338.07163529513076,1,3,médio
14.737392879718993,63.361810121021335,25.18729243269883,3.2721995889374926,0.2612427940410105,81,787.0020653350917,3,4,baixo
36.2981280110166,11.159663831836351,9.34432861871616,10.216930261226778,0.7620177161300168,13,800.2327726888786,7,2,alto
32.99343046934988,85.76575864894276,21.85276962959561,2.227101658962828,0.3243381397962757,57,1750.9628328582335,7,2,médio
43.48151173792103,15.74429102043771,16.76153794500257,13.066485268814505,0.8156913500516376,37,284.3575485343108,5,3,alto
12.413530572474741,34.505855409723644,36.42629998468817,5.997530310133183,0.3979380533956063,88,2072.671615540227,3,4,baixo
11.996915240293902,78.41708425635088,72.67500382978119,1.4864883459044806,0.29883661483975577,79,1902.5182254647848,7,2,médio
19.876547614262005,58.75811404976407,8.358425340316646,4.151539145596586,0.6503889270907016,81,465.7672954356848,5,3,baixo
19.15969893075671,40.42719682496979,57.62143391579165,3.807457328068384,-0.026824901231997905,0,1797.9109544472235,6,2,alto
18.644257967519994,47.60920934375193,54.982640353050215,0.7419131951179094,-0.010521617017582613,103,1671.2829536695544,3,4,baixo
41.71891031823628,81.90926538819623,7.660335893068613,4.4731710047974325,0.5519737139229607,64,1870.3020002773158,6,3,alto
18.734116994732716,35.60039474539029,73.805792392464,1.8901176580182115,0.3869407132392483,0,472.32138862173616,7,6,médio
19.518240414502085,83.26847163309542,45.47777617254557,0.26884370948239433,0.6904152503192102,114,393.97580539117155,8,3,baixo
36.57893918462873,12.932098787902234,29.09804169085474,14.846051330934573,0.8162708373435315,84,591.2099648068855,2,1,baixo
25.740894485768898,74.91185934877677,60.523086679624534,5.128998773842726,0.28836687767154756,59,914.6792578724392,2,2,médio
37.18486949343134,81.27928697492626,20.589236672130724,10.474560251167714,0.4964100265846463,24,1984.162452589503,6,4,baixo
12.287815514753483,21.36358875536049,55.48078696370563,5.635923165550638,0.4006966277953099,90,1844.809843697125,8,5,alto
27.06499177856845,43.73118791349804,3.1768966057797776,2.207925964600587,0.8816106556424329,9,2313.6289806963327,5,4,baixo
11.176476006414893,19.894979719729008,67.15264300874176,3.594254261862708,0.7310844073565952,49,146.57389774653862,1,3,médio
12.19286212093741,68.5943716094796,35.85366776170548,5.63115232308152,0.8117377082773536,11,28.890702535463998,11,2,baixo
41.72531086705438,53.1812991255491,50.93543314863534,16.126019676131907,0.15434008757760417,91,1747.8470742519978,1,2,médio
14.87358798911583,62.17910120374889,17.699025584534695,1.4629334631198128,0.6725264231625944,112,698.2187394854142,10,7,baixo
28.6347238796326,22.683827026059003,54.165897012675835,10.39629013756266,0.1654732249976489,31,835.1972388345438,9,0,alto
24.38834609102473,24.057127584717758,61.77922207146213,12.890231084808491,0.10874253342838988,32,1367.0050647862806,4,4,baixo
22.157016419059495,8.734759295891573,37.8570549507519,5.549612766143608,0.8442661596555509,71,256.0328078169963,12,5,médio
41.494167099054536,33.98607816761567,49.418153924943546,13.387602123985022,-0.08069558328213336,105,1606.7360413701242,10,5,alto
10.763818887142133,55.37701952003074,36.50607390579189,2.536480860385505,0.8653887036634297,25,812.8686155778755,1,4,baixo
33.23263901614562,82.2141422597596,71.52730954062764,15.289759537928926,0.0492618969888062,41,1581.7878107524791,11,0,baixo
43.71880519747427,65.02347027128127,39.82953444114553,6.066461769777659,0.7194380817932682,49,2085.0172826834646,8,2,alto
29.605886421164467,44.18566910597763,67.34469672230551,0.21456760649778484,0.1759225530681031,60,427.77833334357416,2,3,médio
42.788786171158215,90.7808102954724,64.10816466161988,11.868946600367378,0.2507023274307274,40,2327.1827322863005,12,3,baixo
11.829025775010832,69.73206805182487,32.84038570786852,3.3128261506642676,0.11675771132198495,56,1326.7203526561095,2,8,baixo
24.657766167595646,88.7148682576295,18.406759348598,3.083959250979558,0.48551404248107966,1,2307.319412934921,1,3,baixo
19.10552268367179,52.48291759449491,32.486570604781676,4.178932261164073,0.24809554750787408,98,519.3252055044453,1,1,médio
35.57873377432554,28.301384731382562,66.09739006201761,0.8089756444128259,0.5573930394946632,97,1511.406661510594,9,1,alto
44.34539816740363,9.754401772824979,18.210602865551387,3.1665300790519035,-0.08435268205793403,69,1009.7177933090118,1,1,alto
18.978552185548672,70.34763663354654,41.954907668619946,8.893048045849199,-0.03562511648496039,30,1935.555477890033,6,2,baixo
32.896111051592605,15.91726982049807,64.4877398368598,0.07801782017642192,-0.00033884726875135773,22,1514.7723580332408,12,4,médio
16.933417146590905,32.249761544477046,28.2781980102703,1.5935743032794767,0.3189936853102311,75,1236.2886423957962,7,1,alto
29.786558910006345,52.92238170955076,51.376770960215794,0.012288019399328668,0.7147961726599761,53,2282.4635160775215,4,4,baixo
26.237637034091765,55.79749290017729,19.650525923905164,2.686800423245082,0.7881779103783827,114,942.7926604292006,5,4,médio
44.0201865371038,59.052487728842245,8.742355629452794,6.515569255083994,0.14481074006090075,27,549.9505122454538,4,3,médio
31.29845454437633,19.962979731473055,63.55073800742851,8.016579181084166,0.474369724239014,78,1520.2529671302293,4,2,médio
22.23272302303866,39.17636643394839,7.917489872696546,14.519391308663355,0.6683649926926005,18,1560.0710929320344,10,2,baixo
13.993352471077667,60.547480440527,21.710511606366765,4.688907732162061,0.1888294299196087,75,1097.7365539296884,1,4,baixo
15.29363900572271,92.28369781704063,68.4087537597952,1.469351679278993,0.30900773673627324,113,1216.5251092234557,6,5,médio
17.886092548293227,70.48680239297198,27.717542966293376,12.89485267572206,0.42397420268571395,47,2398.8835357497496,10,3,baixo
18.783833146910432,88.0343381384562,77.84362796113288,7.4652960648790545,0.034874846408047694,1,1831.7142284920033,10,2,baixo
39.771562024439824,73.59908524827594,78.37874678190877,4.271611337718651,-0.07401770627421969,10,276.50437870644254,7,3,alto
29.64279758988837,58.25452720031604,21.462081636284537,5.947723882182526,0.05280580931828324,43,530.3251771765274,7,3,médio
28.318681898102824,22.282103222271008,3.278257779991236,12.905965960886256,0.5268536212535334,100,2438.9415860888976,8,2,médio
14.016910515422612,65.00170867032617,56.40506273643033,6.230819450219258,-0.026381738466318333,58,1816.1638844838283,7,2,baixo
40.10488926723022,61.10416093639164,36.0789202118675,2.2972931788485482,0.0896963648501283,58,2287.612815361633,6,8,alto
35.298500612296934,59.22222534115398,8.060227516766103,6.241856669332927,0.23785388569530372,119,759.6536599718052,12,5,médio
12.368392666500055,49.080728118941664,56.60182551824342,0.20555894678042505,-0.022129935693633668,37,1854.6671502164809,8,5,médio
34.7742284030419,52.579094359034805,2.493992728953698,2.442186953869055,0.09169927116163443,24,1785.0067713087785,3,3,baixo
29.02383760699261,35.09982744062937,69.61573523937938,2.607099661008054,0.8112697889835111,106,736.7249635984377,9,2,alto
12.860387101137238,51.73814233780728,11.092202329064298,0.9126372964771073,-0.08070086777301524,20,1377.0408136267633,3,2,baixo
26.040522453502977,22.780031511063044,10.184950299738,0.11678061827639535,0.5534319241743622,41,1568.5377781757381,4,7,baixo
26.964370049551643,77.46569576243391,14.053783837486762,0.7157805910591685,0.28440893091518493,35,1202.8295270686626,10,3,médio
15.80210890571465,21.719925922883704,76.82130867936533,5.315571748541959,0.5726487394323712,8,2067.946766645032,6,2,alto
43.09943514500988,12.646966090051977,55.45354882030768,8.10473990841826,0.4886917203634046,11,2082.1726044949737,12,2,alto
39.74913800182317,44.26214237214416,64.10972283709094,22.19975892568351,0.12349875435464427,9,2126.501370753892,12,3,baixo
33.415781806518794,64.24766955554557,31.81079885862024,2.12601948599021,0.7472094875733886,58,2008.558922745407,8,0,alto
26.180344635021253,44.39451424401872,26.905018200396444,4.573699952740088,0.3919403826093567,109,1220.2086929928616,3,4,médio
24.411793955457796,29.907871875617776,18.758720542653595,13.834621323281208,0.7225360189134717,4,953.595745372518,10,1,baixo
32.7840713502834,55.235406550139665,38.45184226499271,0.9138589787104148,0.3060125361882192,32,2078.4407092859265,6,4,alto
29.090115429241692,36.230210187097995,44.14629868273348,6.322961055599246,0.8846855539152391,68,1225.5036463906672,5,2,alto
12.179558705865997,88.95809211139698,50.54198749222043,7.0320513436590515,0.6704893585012963,79,615.9284965699546,5,6,baixo
27.93759270696161,88.03806256432149,20.56948031989556,0.465927639663661,0.8659502051125735,62,1268.3588308055407,5,2,baixo
38.22412660314939,50.21346379748859,75.89232647223925,9.87538547626183,0.41432647890985885,100,354.6245547981053,9,2,alto
26.073395715893533,34.50955946164326,13.580679856570868,8.386042846118135,0.3736911322907005,100,1729.073726496997,7,5,médio
11.818480214399393,71.34191725609752,77.25225398131299,0.16986815021512114,0.6554538093252579,28,839.8032040597658,12,5,baixo
37.51973697844116,8.304164913475997,1.188489800600303,0.47751527385781095,0.7802912630134302,17,651.6469961186358,9,1,alto
17.047732374759104,47.72921054392861,38.49005534534765,0.25187328701266304,0.8641457958655581,92,2391.2718655868625,9,5,alto
19.05172922108136,35.26910548433002,26.669427049325023,2.037913231046774,0.22455190603249972,5,1942.202489395769,6,5,médio
15.764722370130357,87.84822965922992,35.92987311442006,3.5594995009458312,0.698704573842639,52,1967.673756809829,6,7,baixo
21.557527270502412,6.080272454541429,45.65316631846312,3.800151338410677,0.11064559763553669,81,1559.3049231979587,4,1,alto
36.486302699102225,54.753338814651414,34.84713264101672,1.5575981119866844,0.44557434674544527,31,2097.932026275743,8,5,alto
28.178505082637805,71.65972229599635,33.1877480241276,12.129240450261722,0.07984814840919915,41,1897.9062029084532,2,3,baixo
17.17084459527494,48.65161887716371,58.61787323306452,2.2964088903311883,0.24739736175033886,46,1496.9342603340413,5,1,alto
40.72405273532143,12.68627271464495,54.87010200691717,0.2331009202192724,0.8313583672064593,30,2402.811004629293,1,2,alto
40.78536492330352,92.5215251025112,66.66170256286783,1.7849972082077046,0.04609069977308608,61,478.98737421105756,10,3,alto
40.47024487661024,51.62093882384881,19.996718499159645,3.786929240428181,0.5324008951351965,55,2358.4492974868776,2,4,médio
18.357867398353875,60.27676198871102,48.762280780325085,2.6231170731689795,0.49295427292740335,117,1003.5954049971624,1,1,baixo
25.793377046334584,26.29488044367566,46.81558283142831,1.5999418591946981,0.02073835270898647,10,1320.9974585037164,6,4,alto
44.47463796493063,48.514827659612344,29.5790248698151,0.7039210096671271,0.22597904376881214,25,306.8482988607724,2,2,alto
37.02043667084966,43.623454276248964,38.88460335221447,8.55083750636365,0.46298150451526576,91,1350.2685973044772,12,3,médio
10.950859742894593,11.740625780178537,25.1025714644583,27.79223540885605,0.08717860898849025,26,1528.0168796454834,4,0,baixo
12.282160694117222,14.55443181927205,11.347551809358816,1.9989720859832345,0.7006236564128154,82,2494.25385452131,5,2,médio
26.237598188431647,80.37252676568971,17.104096853018625,2.403269061638731,0.8721565095347499,56,2437.981027678816,7,6,médio
41.82270720515461,26.58379569859312,8.441091712096087,4.812164536696427,0.11475939996247206,108,2415.9932296857182,10,5,alto
28.854562928344997,22.546244434876748,54.64556601520993,6.337074739934633,0.08691196479057592,26,870.9701502551434,1,5,alto
27.423437781200157,50.44203061251253,52.85819144873212,2.4881448758773033,0.35493507179744466,58,2478.1662468626087,12,4,médio
13.69157949848207,74.18724182262616,76.04850972638982,11.765683679829014,0.6477652771400322,61,1138.695378987777,11,1,baixo
32.9873036653503,10.575186672108913,58.3742730917793,4.104948092701452,0.1816006102352514,19,2129.5906469047513,5,3,alto
38.77361062100789,56.912712767443026,4.163667100490516,2.992732411035201,-0.0801200913027196,2,540.79992254743,4,2,médio
23.31470026276468,15.728939855651603,70.73961391431634,5.2018030330838085,0.44122062803289397,15,1264.5829491415059,7,2,alto
37.14641478238646,8.281494574305661,69.01401303565807,15.267214602086288,0.8566005677673076,102,2415.0302403190135,10,2,alto
43.75668288652841,9.746955694599565,35.46562566181589,7.912818757507139,0.2912768554069456,43,2367.578492308569,7,3,alto
17.13182606946912,80.07476973875973,46.869044042233725,0.20417836127274716,0.32013455418310044,92,1709.3371945535669,8,0,médio
28.316537091815945,15.617523526525542,78.08626659780151,2.0196557566580173,0.868901717114038,78,1994.5358063826495,4,4,alto
20.04982853296014,9.063622797106277,42.5843491078533,3.1795325417225406,0.5946076116267284,29,441.0667415060035,4,10,baixo
37.74990466618438,44.41098984286211,72.42574627008719,1.888162072286392,0.6191719228421252,39,1804.1463737103936,10,3,alto
30.215767805840514,80.95941247478223,6.643100624814915,6.022991013074364,0.46270200537106765,118,1545.1270208384308,5,2,médio
32.21038461426063,28.616753884037173,15.284149496694628,8.751240078238983,0.8746092108632416,112,228.87933937811522,5,5,alto
37.92699558655629,42.95413557733247,35.26039547530543,6.571638023535794,0.5888664844255561,64,282.89751647419064,11,4,médio
23.85896654318592,8.593027930737609,46.780544666984376,22.70313652505415,0.7950327516051695,28,271.1090443781547,3,2,baixo
42.02815239424651,45.417066272138825,65.29822814902401,1.5910338873350647,0.5993788657332212,116,1810.892337074589,5,5,alto
28.6560103536149,56.98517725734203,79.06096921145495,10.396787527031773,0.635115824840396,29,354.2880206189311,5,9,alto
15.52841879923718,56.38163483769303,31.108119717929313,7.27549336280887,0.1904109221422465,103,1169.3306777861762,8,0,médio
34.356469135908085,34.918402295692864,3.793250891206794,2.2484860957835373,0.203478698013819,109,892.4545146943943,7,2,alto
37.764147265338906,33.3979862596822,64.09372026362598,6.623636445406663,0.6829846495760292,31,1376.2603519255445,8,2,alto
21.086658697363433,14.59612570429381,48.35045752662465,0.5494982119442227,0.1967062891698996,9,1766.191218048507,5,2,alto
40.00127399495635,38.01184885816416,15.883428709456133,7.78739440408194,0.46277007080153165,90,1711.80634305333,12,9,médio
41.71501391680182,13.954520198566819,39.586276529713615,3.799968242390481,0.14935231090670195,50,1288.7997897859416,11,1,alto
19.691657058223313,73.99363502408464,59.38481964269795,1.7286055887932474,0.7169833808090694,7,1160.8371840259638,2,2,baixo
44.42325154503277,91.96468679733673,61.6329429654915,5.332332262667336,0.010501351227689998,50,994.5389878056468,8,2,alto
14.924903481706544,92.30670110000362,39.96947295990096,5.130806997113194,0.7294466397616645,35,2154.7748707609485,9,1,baixo
17.070548394087147,82.85639894378545,24.41716241030873,1.175360969598899,0.5027298005076019,105,827.1295121816124,2,3,baixo
16.447869373330914,59.07129344056572,77.89940656307948,0.15434498714201783,0.08690953482707728,54,648.4145529187372,1,3,médio
41.289639850275464,68.07791275194919,53.069008876519426,2.842473077010718,0.4420353855061182,34,1858.2887341381781,12,3,médio
32.90023933137367,30.668522241237266,32.659001547703895,4.214177632808105,0.18249883684734045,35,899.4086542418162,6,4,alto
15.323649912779551,61.769337815535856,22.43705793637219,10.461834714519053,0.2234673347304966,111,2117.4964993931712,3,2,baixo
25.411319642892217,46.00845944958897,58.48823864028497,13.170523764802894,0.25152804159688036,55,819.7217965928619,1,1,baixo
31.53543087744307,48.38156057992393,19.374675647501416,3.7624186044638264,-0.036680753027679064,35,1754.8620614364704,6,5,médio
12.921242974628415,73.19989043376421,13.736799117895053,7.008126077442288,0.8859616844014174,88,112.77251571334024,12,6,baixo
40.884572894256856,30.37265200375265,42.38671111696562,2.8928755600860385,-0.06846537186877591,83,963.9072002758,8,4,alto
38.126123740453735,33.62356505250679,23.19899141153135,6.85372257679782,0.5624968731842784,60,858.0754374188787,9,2,alto
27.68223707518234,88.2177612015773,50.3124115938892,1.145817706608252,0.2712276477574306,61,2041.6968481898084,6,3,médio
43.849431534070966,10.060186536587501,9.435093989938679,2.3186347229737962,0.546010290946699,115,2417.638508070775,12,2,alto
24.62163427462849,48.707086857200636,52.395288365385724,5.028725436357073,0.2562482530875838,108,1152.2031917324036,6,3,alto
44.44386116627742,87.15207203670755,22.663722239816178,0.0916242233710581,0.5737506462588587,116,2062.090692884395,1,2,baixo
33.37719995812695,59.93267070363413,0.019434754761018525,6.408974666560261,0.6292355094683608,80,1749.2367523934126,5,2,médio
32.21349456388795,54.176636679091885,10.15488461393411,9.025302726240355,0.5905526403996448,86,2418.464969159233,3,3,baixo
15.808421335352474,27.47697613064197,74.68923022680752,2.5469804060280836,0.01396198135815227,24,2027.7712858570617,7,3,alto
40.867471540662535,35.89479401580034,69.38837112922863,2.9705146071880777,0.5568932346546847,111,193.6951649093263,12,2,alto
24.96213907722153,81.68435742242237,18.688722562898946,9.528524053617488,0.1799875494540973,63,1783.2043059555906,9,1,médio
15.678169202386776,55.32963185916123,62.2697523636393,7.472843039551773,-0.07119862943066649,59,1338.749288555934,11,2,baixo
10.441263199151566,51.32679743811019,48.68572745391794,1.6994367306083178,0.314830671888954,56,41.09014483081791,6,7,médio
29.59144892734339,13.962174218602604,77.67237691598956,1.957634291203185,0.33354310280380106,112,628.2823968136092,5,3,alto
28.45898677429367,6.442534080961081,29.88845276272473,5.679674447178354,0.36717413335244653,94,2304.3881125672324,7,1,alto
35.17737678292055,91.73166698183442,54.5168490013737,4.141377437275597,0.6048241653907163,69,2315.153431966882,11,4,baixo
41.15903185562307,38.92875505581575,5.082857793913487,0.8850558361033644,0.20884380914245912,98,1997.1261505015862,9,2,alto
12.779230462506034,59.28917558895539,31.699787745312477,1.854810528612599,0.21528051310392257,51,2454.4490081949734,5,1,baixo
35.602377161912685,12.174356586855648,77.10541289505444,11.512089378810836,-0.03944774375873941,55,2016.363061560512,5,5,alto
16.559418043415377,66.48028571507419,43.11846995600965,5.826556697907176,0.586821215992296,62,25.51046821311298,10,2,baixo
40.03619686050074,88.93100378353648,23.030360266787568,21.334325894414544,0.467826091399584,67,719.5858507537795,4,0,baixo
38.66722298515796,56.80987276976777,9.621677050288548,7.2838530180197845,0.24942511269378806,103,76.56045559440716,5,1,médio
28.927781424494054,16.35037901378695,56.282267214522435,14.23435770230024,0.6051889789173547,19,235.2699218438986,7,3,alto
34.858497951815906,57.3549374726129,51.588483474378144,1.2179340772960874,0.4373577492268772,104,547.1020423769402,3,1,médio
21.002253961431194,73.97124917941872,29.91509708830197,7.3807643873859305,0.3692449458705397,53,1258.8963658138061,4,2,baixo
26.49087646264851,41.57748829166168,76.07530814926675,0.10212345644312662,0.4113245436611265,0,2118.8300086550444,9,2,alto
38.757291419866505,84.1853973147321,1.7762250390280254,5.554841884110475,0.5363481252670566,108,2154.9168903927703,12,4,baixo
26.074281901062488,63.3814658021628,24.297908130546062,3.167624981506765,0.5600026045745995,89,1540.5046463932413,2,3,baixo
22.52293928639046,85.93240264602822,73.68555890396651,2.1290539643553323,0.18895781914071716,97,2320.4398476655874,8,2,alto
27.297435653760495,61.11547801226035,25.67483506555523,9.917179920100592,0.040743363391153226,118,1250.1558164755202,9,1,médio
38.98872383530264,16.81591748043418,20.18022670841363,9.629919257830657,0.056634181190518745,9,2222.590110333004,5,1,alto
21.732281657980543,32.87225399946702,42.73763279449979,0.1127707412854105,0.5393908859030017,22,1135.1631408300302,7,2,médio
16.081655759751033,23.161545342721123,65.90413999364303,4.701702137283155,0.772873285767126,50,693.0625185547057,6,4,alto
34.92049071157733,86.79438479451761,8.251740870268884,2.293002261095228,0.3094962783455518,112,2291.032295251069,1,1,baixo
38.90923744478286,73.43600605587343,75.4416567716589,2.6863699384132684,0.06952016032946237,23,969.8376891971733,8,4,alto
13.522311748323666,65.87585320190055,63.60583049449312,8.920169121677432,0.6566024982938546,12,1258.510272111154,9,5,baixo
18.395593946458064,32.086968766845956,14.500020444124155,1.8541574658566256,0.7324894744194486,28,822.1515813266931,10,6,médio
14.969019641634787,21.564029484519217,56.960636895853014,14.32780352490386,0.7805824431209666,57,1657.0940007268246,11,3,baixo
22.177949405375834,73.08059791900206,30.79669781100457,0.9900224259717089,0.5068314289137332,109,2487.5780625150887,1,5,baixo
25.762284261689445,47.67421512911717,32.18357424610549,5.434245090643703,0.7607285593880847,90,63.7838721619241,8,1,médio
36.20892179371573,25.32105969355662,62.66320739510931,5.575310240874433,-0.08458504155159233,94,2249.6200150177538,3,3,alto
32.7901654708586,60.49597803487476,77.02278463845857,1.453066230253735,0.007235801769523514,42,9.815142473163508,12,3,alto
31.73249986174509,8.630046692460677,10.132469827775514,1.9633659407471833,-0.007423932947901252,9,910.5697028655277,6,4,alto
22.333123131337906,34.35532287154282,33.65041895030555,9.00294646559064,0.612604684254733,30,421.51701572378573,10,1,médio
39.4506643579666,47.17012951320212,38.47532864674428,7.1733334170410075,-0.030418216456420982,102,1893.3544516813784,8,1,alto
26.49505085893576,18.316250069846525,30.10494535639981,1.995645219483436,0.39636437246630707,73,126.5271018929337,5,0,alto
44.268672830530406,93.61890298317556,29.055129897298002,3.8173820114148613,0.37270689863628914,87,1383.7123839608198,8,1,alto
32.19497484035079,23.818762813065284,4.181493404927723,0.31832276248041547,0.21070352355824093,96,737.3153346132816,7,5,alto
14.419265954757595,16.7317817038939,54.84308964500986,1.1706805080885376,0.7704051699420998,13,334.1756221617553,7,5,alto
33.666214672640194,23.318138649820675,34.89715336960363,3.325914835876249,0.070433201879996,98,1929.545530256602,7,2,alto
21.378640540109465,74.21550198437518,15.583504211514141,0.44947985961245224,0.25246278439923986,108,543.5420856381418,9,3,baixo
34.02145188401341,43.295509334465855,65.28268018416547,9.268143137975164,0.6741715000229291,33,559.1880301373473,6,1,alto
12.437440185684201,55.88743457772842,64.20485985213023,6.329351149724147,-0.06957768560671576,16,687.6919628448074,6,4,baixo
16.12085030115858,6.890824128772467,38.91133024711151,14.379416480328569,0.5729504002463687,20,1466.9169095700686,11,6,baixo
39.95080406170252,8.09881777159831,23.87605289182084,5.912147777092105,0.7163977263615706,95,1649.1648292268708,9,6,alto
17.95128449582302,45.124299484431454,51.047418063716194,14.100613648546084,0.8322678388381672,66,44.00630925336241,6,2,médio
39.2964393835029,78.49897188814612,23.052170862192245,4.042931079188006,0.776296640491485,57,604.6740902844758,7,1,médio
19.774663095904366,84.67149908368087,18.880634425896965,4.584187044648771,0.21938411683368517,78,1077.4271062632072,7,0,baixo
32.50086685205477,12.80359108360762,58.441172322106134,18.855016798915145,0.4863641413229526,7,829.9423804030828,2,2,baixo
34.29527007284409,53.45267918909205,3.226019177676056,5.137915515483088,-0.022706506849534153,95,2210.4266462772152,12,2,baixo
27.942916360076854,87.19067176513434,7.581477682767517,0.1563521608561259,0.1578700035480086,37,1969.271827216047,8,6,baixo
20.685873684385594,39.917547895809776,0.5430539218871822,6.433200455141172,-0.005777621252492621,25,1564.7255388470687,12,6,baixo
17.442553172988365,79.66092482855318,12.235454918034092,11.794120996085216,0.21518729015396384,63,845.1060399925994,11,7,baixo
11.161627409684918,17.03260889594926,5.519200696836757,7.93789900024067,0.775187213458729,29,1751.6808621153996,6,2,baixo
20.638124043425336,89.18550407010189,79.66418942239349,4.383346560281974,0.24716683967429262,8,2109.095032114486,4,3,baixo
32.86069766859491,72.62809857781724,23.104797596327167,5.563102431053126,0.4618981030014264,31,1487.0759433974667,11,6,baixo
42.840668645696894,89.72009535082115,11.941441013539782,23.122677063142017,0.33338084811494084,10,1961.1536672334478,7,2,baixo
40.49215687920682,65.89555101972559,19.279700639673436,0.4751925703453735,0.35891652429873533,85,1872.7624034993696,8,6,alto
36.812267178735596,37.70635387994843,74.89004572321078,5.501741402650643,0.8695720518365583,33,1429.3432779008056,1,1,médio
37.595657013865456,89.43630552722502,41.61281784195165,1.666171284694726,0.19615446826385793,104,780.4580420537774,10,3,médio
33.274471621659835,29.801009867826064,29.18544770462855,5.109511903457619,0.5273244695231714,17,1864.4553950031795,4,4,médio
19.110040014810103,34.89552698555593,69.87131663273755,4.677668171747732,0.32006266957944707,18,516.9909158940161,4,3,médio
41.75182607470404,68.07275762015664,31.599221643922597,0.8329704148581664,-0.038853818952313796,53,1948.7208661788343,10,1,alto
33.47563091670419,73.87846695728476,26.800685596615665,1.1580631001253985,0.389330831624236,81,2011.3667303563327,9,6,alto
29.615422084315398,88.64631354642384,16.582601803978847,4.859408054678432,0.7133433290451083,36,2055.3621989259327,6,3,baixo
13.884631422471838,23.432216815058855,30.223745912752918,0.6861479544241379,-0.0012470313183116366,81,1182.289927446144,4,4,médio
25.64694403322489,76.81982316973016,25.334748481354083,1.5406544933337787,-0.030408152603691035,11,481.2019194260542,1,6,baixo
26.11253949206742,71.46914480572671,54.184316743851284,9.01649540806319,0.05363152039326666,3,249.30900016517182,8,2,médio
40.25972633329345,10.741510062823808,23.16661637365817,1.9807296294739343,0.6644001113893061,110,1858.4031262198105,11,2,alto
29.132687706572597,39.85008270891863,46.175979713804914,3.3477407677981215,0.623995384144738,42,2215.653461324533,9,2,alto
23.314019213964336,30.44889113540887,5.271373202557816,14.162996150710285,0.4650177689061106,26,1627.0958970922666,5,1,baixo
44.18801149787308,32.404138191862735,15.303132535721149,1.2883455970978233,0.3682264040926324,50,360.40015097092396,5,4,alto
13.875220766421048,93.46521915992308,32.5924217289079,2.468417116885309,0.7883258147026221,4,2337.241121293935,10,2,baixo
24.789194990918062,62.84996721319351,74.95594031269563,4.662834560182835,0.6666978238334825,5,2472.7550363482987,8,4,médio
11.470863630999185,69.59085420141496,30.180158857255634,7.039407059646764,0.7119422513018052,76,1083.4465248373049,8,0,baixo
35.89664422684256,92.89558735835082,53.12592969598673,11.596285850248192,0.7132623013506543,86,1487.0632231844281,5,5,médio
42.13267932697027,38.94816042118748,20.406977793711853,12.353420610087717,0.542717154745558,105,1943.0713000041444,4,0,médio
19.80130653426713,77.16561516075254,10.162686077858538,7.4948539619008585,0.3580146243159459,55,1840.9744751251117,6,0,baixo
40.04195868796923,44.107786697404585,4.68292800640401,1.295996828094591,0.7646777525856504,88,2419.467979833623,10,2,alto
20.22763806616642,83.25803046334818,24.433079883420106,0.12561134086371625,0.8260074176032507,109,287.20772769697226,5,8,baixo
41.87695565753703,21.259178718017285,12.612882143752637,2.420706932996533,-0.07619395674165699,67,1451.8121653570142,8,3,alto
36.38866662588744,90.29175593578516,13.920835841289936,0.7631275149338855,-0.048445126733748706,115,1729.8285491827303,9,4,alto
38.171737189450354,24.68945375697917,60.860744670956,6.196059827534731,0.8587432969084373,118,2225.246060469175,1,1,alto
10.630229446015907,34.359845628283836,1.2670456755899373,5.410702288450555,0.17716061384419476,95,2185.2740692953766,9,1,baixo
43.69836249759091,73.05730106961025,44.624810058834754,0.22483851397403437,0.7733694396494187,43,2444.9994839032247,9,2,alto
35.433484722461316,40.437962740886604,30.356910447477183,9.057580129334623,0.28879511896140264,14,1280.1961348441976,6,3,alto
20.66628833851467,59.7390239089802,40.52399999268378,1.4300391491668287,0.019100057609355597,89,2076.9021670330662,11,4,baixo
39.02881327005964,45.01161509624856,45.026418977168234,2.830168604943602,-0.01955679979066574,41,1068.2042703183192,10,4,alto
19.853241944522548,71.81329433808037,25.069415556582257,5.5121036899035305,0.056507899080456475,10,1055.7846946400807,5,2,baixo
40.54638438481447,25.549812713174976,23.608708814742823,2.8054988273853674,0.14989319486736472,72,633.3709111821476,7,6,alto
13.940313664417795,10.26121885131893,58.67214794679246,2.9106039568046294,0.38851835393082623,10,2045.5932175480746,11,4,médio
34.62900921112785,31.993645772575963,69.70215904969257,0.3394031405935774,0.6014979005657836,65,2464.537764533789,8,4,alto
28.924446682571862,47.687779838158725,15.40653059668223,2.5661721903220807,0.8863985764853,108,640.8543208681447,9,4,médio
13.378706456840428,20.12180469734107,7.809500842811916,7.237613556642857,0.3415067432891711,26,140.3289700526808,9,0,baixo
18.466283989059363,36.93175606907498,71.82366451136207,12.335903662492761,0.4181849423431099,117,2038.8560935475184,10,8,alto
10.434141269706018,40.998471646421166,27.991637091791894,2.6678886475407264,0.42181570138325564,57,1550.5751313368903,11,3,baixo
26.406878791257704,10.165265931944619,44.10539125302513,2.7546441306104263,0.4394343554879361,89,2399.247001377511,3,4,alto
20.54428412660001,57.49765233657841,28.763451561600277,6.0638419671983845,0.4177406571044623,71,630.5980476923806,8,5,baixo
30.942511950421558,84.59090851741587,10.064186907684105,14.303560045958063,-0.09122524493808218,20,177.5691450032027,1,6,baixo
20.403323269801604,18.65686216577472,47.146531595818246,1.5534635933405179,-0.0982751778901593,20,1231.105652166254,7,5,alto
20.497168902744463,58.80272120613626,42.01126814157037,2.9003802004482693,-0.002333681873877086,71,213.66505741286872,12,0,médio
36.01176195560612,64.82652844197617,16.239484735295775,7.947520673405853,0.001556603429178821,0,654.4750027567686,5,4,médio
11.684999259242371,42.74012123773595,36.149523572182225,4.70411564410356,0.6048969089547961,101,314.9446520479207,2,1,baixo
41.60132483171955,68.0987828627843,63.75580032125167,0.5859642340576829,0.10491603251599976,57,560.3304491501967,2,1,alto
39.82923560369135,41.96583891419108,47.23408824863131,4.940716149415193,0.7947141047556129,12,265.36163205347964,8,2,médio
33.37316391292423,50.41735591796914,7.753386165359588,1.033560725264893,0.8286063295770195,72,2384.7649985682133,5,2,alto
30.76275495375845,5.661774009898428,43.841719778330805,3.5689533339944193,0.8758933378958987,91,696.4067836243387,12,3,médio
41.23058743488782,67.254810272122,56.21906394316695,3.765582304689643,0.8390813048870202,5,1109.7439649814137,11,1,médio
16.486556283505006,64.5208411050252,63.416272462460114,10.445575388110637,0.17188832191852463,110,2246.529519085556,3,4,médio
12.763920676679001,8.45607895937101,50.32940629074134,3.1040793301847347,0.4097768447035125,86,1693.3039699036858,1,1,médio
18.382855946833836,38.14250966556198,12.212653163262699,1.6386497655712016,0.075454970196941,111,1545.0937014044357,11,4,baixo
37.81023975450666,93.11286567125006,56.813861327212855,1.3131027499333017,0.7062096551724332,99,1763.9079759020929,7,2,alto
11.213459335426917,42.86629063117551,54.187347686521306,10.367371970223768,0.7884317051440961,57,2072.0556427634547,11,4,baixo
30.398239227922137,50.17508646186575,1.9541506352506577,0.9377410866002511,0.7512888392975149,16,2194.1731696294023,12,3,baixo
44.84031306669585,86.89371423437467,32.939813407219454,2.774484604339313,0.3333669486968349,72,1606.5991766625662,3,10,alto
39.949363284313876,69.55356882791807,26.636019756989864,1.0361856279868016,0.658673884686781,11,2225.0181867351444,7,2,baixo
28.25059911652563,57.38631180118012,53.55296514029148,7.42072771520335,-0.0024208304237305633,85,1338.4938185636922,12,2,médio
12.227431825032482,76.80242132069652,17.290864984873657,3.2158137916186624,-0.059755229380749314,114,693.2271406710586,2,4,baixo
39.09807300349985,82.79296398103759,47.269753837940684,2.162719949032158,0.6532364143087609,51,2200.191772209611,4,4,médio
30.964247786202368,46.119926456354015,73.0564769451338,2.24003384443038,0.3253552743286837,75,1353.6820685327177,2,6,alto
14.02265489708484,47.759752843865186,63.82418977668862,9.559956981765323,0.8955492647395692,117,2265.343968918086,4,1,baixo
13.285004968817468,39.74458420866522,73.71661889732243,4.0346481321012,-0.0027457841444676057,69,100.41953487645306,5,3,alto
41.83693868028074,92.00355260166145,78.2804773546152,6.326898523995531,0.7556276815352337,107,993.7893788530888,8,2,alto
33.42200920283275,67.74496288613153,0.8536101604930213,11.367001524342324,0.37998306552899175,72,2369.5125459061705,2,4,baixo
39.025037976086445,12.490075958726507,49.81930211019821,11.600776547944205,0.727150195503877,51,624.1252318957569,10,4,alto
40.76426150987936,82.66636609817166,33.02715182071252,1.991273734296807,0.7171272821701449,36,2353.8406150962314,3,3,baixo
30.01203232169128,48.250394675264126,68.78835922680975,15.230000274681665,0.8159920013620774,116,2384.756152823125,10,4,médio
28.110622311426443,11.18785157802387,20.145176160730536,0.12595257794235046,0.19785001128610277,2,2205.3557855646523,12,1,baixo
25.064959361234656,54.47455296469799,78.48235912920609,2.364724240090083,0.8497993534620031,97,1409.1701127332467,5,2,alto
21.093130572689176,42.54478510781318,49.09663756349978,11.307160926582343,0.05166696035762028,7,1617.3486227015962,11,3,médio
25.21085863005491,83.99744643763624,63.482992178306475,1.6054144704441216,-0.01803122240650948,9,2174.042496124673,12,4,médio
37.08578795055547,23.359514324844863,6.847964225821466,1.5947042196526595,0.3316155173723492,46,1939.742705972961,12,2,médio
31.067320085529605,79.38181485429647,14.676630780709203,1.802140498853138,0.7283229686418426,40,1575.234623638529,9,4,baixo
41.238315148419616,55.191982206690746,60.67229384273625,4.737789793114802,0.3734211306334456,63,2455.6485196767567,10,4,alto
25.51830050327157,9.914927289212214,1.7589217631458887,2.8842286594640036,0.7292866775305141,41,1714.1915908342353,11,4,médio
31.24813525515639,92.46607711929362,65.35023887150263,6.486563298951696,0.6296868057943052,42,2438.704981119403,5,2,médio
32.095764358219604,51.135371969287995,1.1159214953529162,11.264721337729375,0.10942838613893355,8,143.47118651772684,9,2,alto
30.709400680721394,31.178916880842426,52.56950712490187,5.607348321429161,0.8488816248994638,13,347.40092685553117,4,9,médio
34.59218205799307,47.24661577903323,29.207513618544468,1.1437129850201424,-0.03921883137059659,100,1128.6471150012264,10,3,alto
18.310171393118218,82.207200516574,48.91958821753593,13.491630842666464,0.798279707543795,90,962.1986522107878,5,2,baixo
27.93273221410267,32.441281194655716,55.682512559129094,1.5359752472661423,0.204443448990374,104,1956.8371033925694,9,2,alto
13.647868098292168,22.340875683803027,27.398017534904334,0.8119728939609168,0.4001480831643993,95,401.5350661730094,4,3,baixo
23.45789646756844,16.61641222377933,8.636995848866844,0.4713736141102101,0.3223518727007345,3,2440.2379477787213,5,1,médio
27.068347401744255,31.807345855119014,5.5716694198612515,4.143502973792225,0.07183455691691618,1,787.6646881522851,5,5,médio
32.82784908409154,75.20432783360391,47.114881805003826,0.60385131636039,0.25814686640169315,114,1072.3092693503986,4,2,médio
43.26858684051712,47.44637286757355,41.65242829872892,0.7470025561398528,0.09293443629279527,96,686.8625811000572,4,2,alto
31.022787329192454,25.4733443324186,59.3760807296906,1.7835924429731975,0.10388647546052385,84,1448.4090433163683,11,3,alto
36.02578706617959,19.95664996487743,40.77884080031497,1.6540127662646777,0.08705683602638034,0,146.57175105645987,5,3,alto
27.719312082332095,34.94565288593412,33.79566320247033,4.6347303738929275,0.3890173803465943,107,374.19376392612196,12,3,médio
32.1936410981716,89.5931935597138,31.84697425889847,8.484390892536116,0.6979313675113156,74,1864.4942585468104,6,2,médio
12.482627564682069,35.872404133102194,2.1157522078133972,7.163778974699975,0.468970033761241,64,466.2514585120098,7,2,baixo
18.903705329464643,93.93116683591718,26.844576135732574,1.5223405631988374,0.7932065885508419,45,588.7861288916571,6,2,baixo
22.664858262179855,48.670741018882055,78.08161260195953,1.4072443496623146,0.5365444885767242,58,1982.4555893120944,1,2,médio
26.537267425227974,21.124752646113578,69.8844460981671,16.876410039423376,0.5893401156326045,74,233.252945893134,2,3,alto
11.597706092583431,85.20260826141585,26.350245362737414,0.04135173412398537,0.5676072297270032,6,1093.6845569271022,7,2,baixo
14.900843414366118,46.43198358213442,47.023632405309776,10.589686763495818,0.3494591931837412,65,57.65846749306747,3,3,médio
19.688500772695704,68.87042091540721,67.78373964283952,1.1140212889188816,0.5893388222000828,14,867.0184982947595,12,2,baixo
44.00364418153677,93.53404248882366,35.30194694000549,14.714211965470748,-0.030292253531038843,71,1747.4535065268863,10,1,alto
21.59714524860678,9.51578152879766,1.4366291000120768,2.0950872747628173,0.7598514719156632,117,225.2581992930708,11,1,baixo
26.871437033922888,13.702510380881042,5.960836945491206,2.902234301497178,0.6778121434439174,115,2220.8365669469003,2,2,médio
16.863419945843752,69.84110673164805,40.83141770789653,6.139972032020962,0.1452299582316788,46,2273.74760735179,6,2,médio
31.37730248765189,30.36425029659248,77.55515005407027,4.429644894803227,0.6680324542540824,89,262.47593781283774,11,3,alto
19.8239125430591,21.587125725508916,55.45676337750942,1.9131833286058266,-0.08735739859998151,39,2476.8310909394418,4,2,médio
17.244740245344936,8.542569183775655,5.6732953150855625,4.035286432015198,0.11724657248088041,41,743.8238834887223,12,2,baixo
28.080041995609268,6.966204078758162,15.148870063349023,6.559774217042439,-0.03486276132910407,50,210.25417782901513,11,3,baixo
10.192702970614729,74.70370428078118,61.705851457348004,0.2162859626230583,0.6802269166178947,34,12.667786243155676,5,2,baixo
10.268241142722886,17.0990084632595,67.31518079649958,0.05631244832694859,0.6558741511783872,115,1021.3072394096564,6,4,alto
17.667408318565023,47.09485543740358,49.41556689508727,3.0630639449711943,0.7136360238018307,109,1574.524964265294,3,1,baixo
11.28524768752874,59.53071336615347,51.55385357038533,0.706876768487762,-0.09551830667447117,104,830.4481247582831,1,5,baixo
13.780901394574197,43.55166205119616,2.2669960306707715,5.458346606688023,0.40123272667840804,40,2091.793413686557,3,2,baixo
21.860122726856304,7.439598710260979,66.28242076652069,1.2043261349143297,0.6048361975173365,84,1791.5156889126251,3,2,alto
38.09049878529345,75.5151352329118,63.06201665366637,2.8356670574165124,0.055401128739015454,56,875.4038299200816,6,6,alto
30.02170251792553,5.946190208748813,20.722811528267773,1.1011822605882577,0.5497907275126247,37,1835.7741665215117,4,3,médio
27.943370408474575,73.57009049397357,56.694137597240555,3.9757177592798225,-0.01588990069031429,71,2351.2193424231245,7,2,alto
20.27210881228426,85.39740444093104,17.188368513999848,0.6167934629503902,0.08132585610431317,106,232.73999635754274,11,1,médio
42.61138018014857,43.95559289514551,3.2264128841210393,0.11689000588949373,0.37579681499460105,95,765.2599003940422,2,6,alto
23.89552644330171,53.19882257880184,16.090923407230182,0.2624260121743396,0.5535651526811021,7,1158.3148477917332,12,4,baixo
13.048246837852002,47.92850533558884,14.29031014034396,15.423740091406268,0.04586912695389608,107,1244.9753193869215,4,0,baixo
31.597328064123044,40.02877567610949,27.01983973878778,0.7674241163585207,0.08522333083093789,73,1355.4891122151842,8,1,alto
13.984343771681049,84.86820818333243,33.475959774036646,6.163203363350553,0.10444636706566299,62,751.5672663466214,11,1,baixo
22.082809998059222,85.45401596029915,40.68311131981663,0.35171643706345646,0.13870080469897847,86,1668.1491149558728,6,4,baixo
27.75941785512331,35.223472817738106,38.14031004066625,0.5723446482098326,0.12655384852629123,3,1612.7112588245743,10,2,médio
40.59778836398115,60.356277861322816,21.65396847722315,3.55529574576627,0.29514910849763676,47,1444.5537656790348,3,6,médio
27.274130311904152,88.42168059312777,2.3336534859259572,3.1262365456738523,0.5537896508367229,51,284.40430427719156,10,5,baixo
34.579056811108245,91.58526490472164,48.408129778972054,15.139243591187888,0.3380317831344697,37,1192.4197277398612,12,1,baixo
44.748589364967465,50.80631363798428,31.65958638778835,14.487173984539766,0.6759739087498882,93,890.5672187234389,2,2,médio
14.602119196429356,45.75423247558941,23.893772591003977,7.561752077299091,0.6192685059486148,104,1227.5961745953066,3,4,baixo
19.615603393183182,30.08248843356732,69.35528342644099,4.607795805127001,0.026526914049075673,86,2304.666088787565,1,3,médio
23.81016264591762,91.2984685871369,59.73946462385278,3.0344833742332566,-0.05115837667925607,4,1201.3283578960206,1,3,baixo
24.763986248859098,17.853287402558063,68.62124386979538,2.2016690926519864,0.7779415639996061,84,34.9519795987796,2,2,médio
24.385737634294102,57.18466184429525,39.59862357699688,14.695582804662129,-0.020168933437126585,119,1097.0918452103274,3,6,médio
41.76638508947942,30.4295240766775,10.474500170142198,4.617946652631194,0.048339180719713076,69,2051.620450123455,9,3,alto
34.99114255633998,30.110746131301696,55.69771488970179,4.326473674646735,-0.07786672444188195,112,1950.1523080454206,8,3,alto
31.276682493174633,41.44717286385696,16.48590239497402,1.3191840321250643,0.5283363652986538,80,1283.4751838204525,12,2,médio
20.828045125197374,94.89136422340891,35.29837352733735,0.2391167023674471,0.4823705631583486,88,624.4225321482883,11,2,baixo
38.83266344774532,9.946967615583986,5.20006311591108,14.519283540958343,0.8869036664352556,23,1162.7216572863626,11,2,médio
43.42711790197461,57.06876363831783,66.0246721938386,1.8824590282635834,0.786932396317172,85,1409.255548545479,9,3,alto
38.74193988925793,12.431494223174946,10.075251283800046,2.9222623574588265,0.3108431774809097,76,2499.6785956853346,7,1,alto
10.054778681701551,18.906874699146705,72.24780056394478,0.6088043665328239,0.271585840912535,16,1610.4452254234434,7,3,alto
32.274047956419246,44.56066475956088,69.13844818092457,9.067704761065844,0.19685203427998507,77,1735.6623251565336,5,1,alto
11.789738350473526,50.94141182117972,37.16662115513969,0.1401038672801745,0.05240692003788136,97,1228.6353589201299,7,5,médio
19.016252711680266,28.29131675280716,59.54945634431925,8.978559210842775,0.03808365660200905,89,886.2238769563246,4,2,alto
12.08336451217201,33.481141778697456,49.55560590545226,0.755771774408262,0.03228370800960542,82,2032.382459118015,5,3,alto
31.132840853228572,12.827031823033975,64.24605138701959,10.882587353281053,0.014114757186778543,25,1237.3308108480903,12,2,alto
34.030646972241236,32.28978054598255,34.54440806287296,6.5424579519868455,0.1405120424055369,2,2486.725324911313,1,3,baixo
14.00706733230668,91.99025954424897,62.864678739548,0.8996436844051915,0.2066686303131164,1,1142.8014356701103,11,3,baixo
23.434360906574284,90.02366435052335,36.99654536521184,4.171457307508733,0.8615789710389159,91,170.00070911894343,4,5,baixo
25.96827781344397,35.13904611232865,75.2772630274235,1.8746042081395953,0.47847325100188576,1,1706.445342725207,3,2,médio
22.91685576163208,56.37685426508854,38.90976806601181,0.9814924972963429,0.887595774513281,21,116.60362731452767,2,1,baixo
14.235875016981757,86.863585199985,37.00954175469836,9.801442093060508,0.27246694782567327,70,626.2539922117583,2,4,baixo
24.663172656561642,5.556544037680701,62.80574892508102,2.5835710249551402,0.35762663258944105,3,884.3456319497584,8,3,alto
36.29123167329463,77.96152133038326,65.72621534086704,2.5420071089753637,0.22457865916527917,112,1848.708964053319,1,4,médio
12.485268258663941,90.35325975100271,44.35912914569366,0.9309652556708502,0.08288765089655267,37,1235.589816019032,8,2,baixo
12.80630049286662,13.219316090020136,14.383825079606032,2.414963524828209,0.043164707777579164,102,71.61482827564153,9,3,médio
22.416995214259448,19.530291742962895,37.42065847660636,10.263680491360445,0.8450791978078319,83,1542.1246281898054,6,5,alto
42.960399906662374,91.46716724942199,77.44580023277427,2.2559385055493486,0.8868106817987558,69,1028.5905935666558,1,6,baixo
33.40004263530199,53.37861292763117,60.23889544313481,15.141645366680406,-0.055090503491268455,72,2304.5862749177677,10,3,alto
33.75344848353977,6.277697102455133,64.89300831033057,14.622540060135567,0.05034587473176652,51,1248.9057778505885,12,3,alto
22.66719967932527,28.186879888717623,2.6260399055392103,0.7826764497162526,0.32352409230102264,30,1772.4378648483473,7,2,médio
30.778127692298845,45.494930684197364,37.428757010732795,0.9758867183453223,0.08633347634440733,25,547.1712308238672,5,2,médio
10.354591440971019,67.36180199222909,51.72969069260443,9.926990649687927,0.2638803936268833,35,1902.433911329133,9,4,baixo
32.26336162433398,70.98443403231197,66.40261469024597,2.494163460998548,0.029096349859633358,25,1802.388276209181,7,3,alto
41.96504316516828,94.58793616329105,3.9418922866217176,0.021917880646393405,0.35651175672179025,27,2260.2042713532705,5,4,médio
31.44007139206867,30.876007944538312,68.19511085134985,1.6001436143100911,0.17169461616925927,4,84.55410429799804,2,3,médio
40.57945077132207,53.439809168162775,43.872074939352935,4.55190356738587,0.25190505575866085,114,1118.751744043628,4,4,alto
35.33905694131329,52.99911930736445,15.785117646084794,8.028872304372856,-0.005687348537252418,73,1697.8885068490754,2,4,alto
14.21954457412916,41.50807335025137,25.380417315976,0.715823173145181,0.3281280507101417,17,237.90975020053756,9,1,baixo
41.58586575500446,20.224570445817818,22.55436414012486,0.5857113797778064,0.8832576109615699,14,1026.510167872281,2,5,alto
12.32553455245212,92.97109068654584,42.46872274307806,12.761175123384392,0.2288330468811903,56,2355.3665076654884,2,3,baixo
28.688861539171732,81.79854679999275,4.134854392890546,6.954492074092817,0.7764292748424351,96,1089.8362272278205,2,4,baixo
14.974799332771019,49.84997254648135,12.682892679993882,4.455303523195243,0.7431991416236852,4,2463.5119587015784,1,5,baixo
10.409731375581643,59.292088041562685,65.01544347006259,7.330732551332724,0.8520584182972106,36,142.09765269954906,9,2,baixo
24.771199104467364,25.453494820369606,10.608319259744885,2.800555214202536,0.6901095122670945,103,1794.5744403522283,8,6,alto
20.326424767895467,53.940836335257224,18.671701556650156,7.103512908600427,0.559596827058815,85,1452.5405906206738,2,2,baixo
27.010017282916106,67.54731198093282,36.26964844833259,2.3245072677424394,0.7565844442274576,85,1251.3491928303135,2,0,médio
30.20199603570928,51.36503255479299,41.36967104906644,1.3991950325871656,-0.024355319342650367,21,2427.1185037125233,5,6,alto
11.530867530813158,94.12566535264472,61.08883836913269,6.528429921975738,0.3628306571988078,51,324.1260012278216,12,4,baixo
14.305115329331098,60.02074906229536,35.786594133295026,2.7208116073988062,0.8892562386150589,14,2239.9973792022834,12,5,baixo
29.55248387576489,38.387634133295215,63.1891696828431,19.916817525282262,0.6696001512947323,16,1728.1010278415256,4,5,médio
22.010857361043037,74.49368248542542,49.467704563636595,2.1499560118109446,0.8620753780372231,50,647.4901832490817,2,1,baixo
35.52107206423068,20.341626042347784,9.047979153905796,12.737789678362377,0.6796343561334791,44,2254.1728640807337,8,4,alto
32.83020770071789,39.60642323356399,12.506515071427087,13.512519195748245,0.7748819674421442,62,1073.2372946525331,8,2,médio
39.59615270464674,36.226305533982725,34.96269803598167,1.3843895546086358,0.606529632303191,27,2035.568320182677,4,2,alto
34.23724893342289,43.86263855969995,31.751151447123167,8.002915699211446,0.6605020044172398,58,972.0912926184999,4,3,médio
25.047587708655186,75.36018433358537,59.48354157098357,2.8376369312990004,0.4231780098395007,85,2127.3270685831026,9,1,alto
33.55383178380514,48.575572894706674,46.45897118378815,12.476283772859686,0.824237700814133,20,1591.5727961126217,4,0,baixo
19.638341098939648,76.46130052393664,31.050646480179942,2.990314882660559,0.7250389106233617,41,352.6165839593179,10,5,baixo
20.720972457237444,56.88400128258793,13.66082267603085,6.818824673381717,0.7438849656656322,80,1624.1579086738188,11,4,baixo
37.61448059722777,35.786249119179985,18.14696818603961,3.1458635532574237,0.5730091009630524,68,478.36190675468157,9,2,alto
25.624683074055376,77.89808693151252,46.04008147752472,1.292563369008037,0.204579947087249,81,1029.8065697354066,3,4,médio
37.94331191814234,26.446070349778243,33.8751043919834,1.1116577113183452,-0.06437020460986068,16,425.7389606300843,2,2,médio
38.784783078389744,25.194468181981595,41.194200708853764,2.770677112786229,0.8356551294095446,67,55.040289167796466,11,4,médio
40.014681818144936,50.40526316493522,13.654194824178694,7.042590588016898,0.4861203488054969,117,529.7163486248937,8,3,alto
42.08223325444226,28.476432136588002,53.03250018756526,4.645252528000869,0.19814297114814025,6,1340.9300593103144,12,2,médio
25.08448271796537,5.817833145609469,68.20309926847736,5.833855413873232,0.0491351078475378,88,1203.902419443365,3,0,médio
21.16033864123986,63.346777456892134,20.635160542952047,1.6587017037232723,0.7295231655007547,100,1253.7427388401593,2,3,baixo
30.376956130793985,50.99844393251582,39.321138066546126,3.2834528234698985,0.7365201944475789,39,619.2171961165033,11,5,médio
22.991034820316965,45.09660330438451,78.04218632167215,0.2270545425428382,0.7145079681305315,39,1712.9030015354654,8,1,alto
31.037595838008155,92.02716631564839,26.65933924405821,8.505913717122617,0.5450826919667863,42,1760.6582170508646,8,3,baixo
34.69550519253386,56.40792655666223,47.60370759390089,22.972220701127743,0.26601538759187593,72,894.9195638991639,5,3,alto
34.09417564722479,82.7088420010446,7.215656016019549,2.611784795833323,0.204070284780257,82,2202.925221185436,9,2,médio
23.109351045704248,17.550521258464414,48.48120019835545,0.05512098451917345,-0.09144522988182982,50,1610.0580415888696,11,2,alto
15.840107059456349,56.22858168164849,7.170541864369433,0.9303988876397441,0.7336075586882403,72,1782.5981881465793,6,3,médio
25.068526846177264,83.11816640578127,76.73883482590577,5.285339815065103,-0.012567302506357542,22,693.3497948473486,5,4,médio
14.990795042866806,57.47951815519082,57.25301216578491,4.734771943088255,0.5307549980407676,94,1.5290878889676063,12,3,baixo
41.15339623143329,69.62127603143014,63.05278305085651,7.75265546328253,0.4040749468400884,31,2163.439030255274,3,4,médio
22.10571112582501,38.483921103098666,56.328348861730944,1.4643710478945353,0.4266893589263512,115,2056.060961449521,7,1,alto
15.406091152816332,13.320456533335994,47.17832288611726,7.21182504554479,0.8267128453077733,30,307.97972010707554,9,0,alto
10.890671596701281,46.21102656143643,35.99302248684043,5.82350439709419,-0.0683849887287579,16,935.2628373907662,4,1,baixo
32.60378352002695,40.503145175497174,68.66987038088499,1.949050186358189,0.6733922246287724,111,1653.3482709714565,11,0,médio
32.29158111091601,83.03541641410526,76.54685340344504,3.9426564441111385,-0.04794760163269288,102,1630.2771430468206,7,3,alto
21.92114583034521,26.9595772117225,39.92289383232651,0.7965838887141575,-0.061846394064622806,57,2150.8758370213914,12,2,médio
12.509916109667785,92.00608047815973,74.52280393242096,3.0125531936318435,0.32981769814138195,85,350.6704040885714,3,2,baixo
24.337011321333122,91.23243078240465,46.6666327990814,10.651457389957775,-0.03692482565703328,34,1074.8493694627969,11,3,baixo
20.892612327218774,27.286847876429484,43.070734951714655,2.733916955761058,0.6891439512929121,29,243.06104481606195,2,3,médio
33.699222390725325,36.324675992958845,36.35861863642853,9.149385197369543,0.4295630936483372,63,973.9881210965704,11,1,médio
31.202273730844162,85.60001667864965,16.74302092240959,4.461081371751501,-0.07096121734022556,52,37.768613969260954,1,2,baixo
22.7607804869139,91.99599988064968,0.29757286544473516,1.0652032465324965,-0.05949931351808049,50,2245.6826627753176,6,0,baixo
17.626239398924653,44.909519255243964,19.3204981484849,4.350689792558521,0.5126685297394794,103,1317.6099920717027,5,2,baixo
44.581258815445715,33.8897341076808,40.777853728285216,3.525930078589996,0.7061118176584049,36,2124.5056520058843,2,3,médio
25.890056741864022,52.34846119263878,30.396796180780203,2.5428187120501367,0.3377995312747736,89,149.7617525084094,3,6,médio
34.08959825230829,66.89922857291613,35.878818240210705,0.6370675228548551,0.4545806715356244,5,568.6452761823016,9,0,médio
14.919353865242627,29.612706383748183,78.45185756512396,2.6953424924557154,0.6998294540499016,33,648.4499880529515,3,3,baixo
26.995639488078922,71.28258571571655,28.021789653546207,0.37772704976869415,0.5105061740418192,55,966.7287365969701,7,7,médio
10.963785195431292,9.649162140317692,36.17463514880863,0.5199686473385612,0.12476023765881947,95,2007.1659309938652,1,3,alto
27.690929126865747,9.436504348797481,10.681244108225565,2.6885569165300987,0.5130520258694786,24,966.3946843287316,7,0,alto
43.74060924911958,39.76589346309907,3.8366185949590115,1.821962395169805,0.5282794590652136,114,511.6338241158175,9,4,alto
23.44723495450301,36.81258728546486,62.03276116739957,12.98775654341352,0.6341069808811267,12,162.47565084692107,12,1,baixo
11.364860440121905,33.40698938304371,45.65465400575829,2.355667779905069,0.5208741875568013,62,198.72937088171867,11,4,médio
11.083452682177024,49.1917786402019,60.856384483511604,7.091157260933262,0.869242130458038,101,1900.1180149024435,8,2,baixo
23.579536598140432,33.86602240804141,11.98902391092413,3.7777468742544733,0.09728830871706848,101,1112.0074775915825,7,4,alto
15.60087277621179,22.303212662128274,45.746301694615276,6.08842643818707,0.8510906795670763,65,1815.452805000038,10,1,médio
10.817323371486507,32.85225941797408,20.291397947310045,1.5063091943627072,0.4383394903500163,119,1705.7178044092439,8,2,médio
36.46747648825619,92.74138455292115,18.244945352001594,14.228376049042733,0.5719561404949121,4,338.4061544006445,4,6,baixo
26.048305310866173,42.000207529536375,0.9220811242388205,3.7760544665717575,-0.0005384025478101517,74,357.219835480668,2,2,baixo
20.12356701904291,45.02414991725022,10.427257885525751,8.898879932709518,0.28057594137810704,10,1888.3550385853348,11,5,baixo
41.502911405576825,56.8890490956026,24.74144891997563,2.2710112045433153,0.6693791464631726,87,1803.170733713543,9,0,alto
14.064863607018395,93.50066915728038,9.350300847275124,0.5279768775680191,0.6069110150989904,77,945.0769171857759,3,7,baixo
43.457159013436176,26.74411487921867,78.868675232875,5.599868861878214,-0.05986061183458982,108,193.5556583321002,11,7,alto
20.988835108207347,66.31538994791904,24.690611881916055,0.038949555311533775,0.4465942634972446,93,30.245054246130497,4,4,baixo
41.09412853080384,69.43862241875517,10.425915736186253,3.224576113798359,-0.011721807031590564,103,720.3923736543621,7,2,alto
31.103000676781154,59.659197511375936,15.92658502623662,1.0709308353225946,0.8958564291781623,110,23.055683968067342,2,2,baixo
38.93475759095206,12.972050567297966,47.01625826731812,4.935920403597181,0.7972965885332947,43,575.1815527592586,8,3,alto
44.44046071236625,65.91850482448189,5.123481909183081,19.417146921268724,-0.07891933957146305,98,1048.7518505283463,12,1,médio
20.0941903236561,10.768523993255794,68.99473041129255,3.1218654573466145,0.7586495789026309,84,303.5394132798855,10,0,alto
43.63974198926575,58.652838459490724,76.91997433897178,8.504977763606025,0.8194296005584076,118,260.6943945788656,8,4,alto
23.631866321584713,71.56230594995684,19.73979365339047,3.5441900712893655,0.2535482225634551,68,2241.0935892968414,12,4,baixo
23.49291666579228,23.987290155795538,36.00762148726875,3.424308313339612,0.6195016550477659,101,1463.675072557223,5,4,alto
21.9135486489077,80.74598067884966,1.7707560823597657,13.326641571476108,0.34210374620777895,1,2336.1392169069536,9,4,baixo
28.949266257165483,7.7318424979703835,51.25681797817772,11.03482338598403,0.5552324845763441,39,864.5654094641981,8,5,alto
15.395076511247048,80.94315772924755,33.11408464420711,7.704236463583795,0.24031740429819146,36,1692.862343322908,1,2,baixo
29.379901987530392,46.42961455784886,21.604677288124456,1.7567013739488335,0.22255923663326835,117,511.729186554476,9,5,alto
28.95966843435014,24.582914593848002,16.546968849328678,3.937381781494071,0.32443388885757907,48,1545.8507931998531,5,2,alto
36.66656344117045,17.040033049457122,52.321846212700834,1.2673516813003138,0.04556775865250115,97,323.96432502496106,9,1,alto
39.17774866781549,90.79764508241352,33.29736248258516,2.9341858614834764,0.7311389644353826,74,5.2015979407143975,9,4,médio
25.41544726093484,11.539902882304105,14.372743122392961,3.3103075845693657,0.24869789536163664,35,2328.8295035239476,10,3,alto
20.58166372730228,22.91840779423331,55.128726518945925,8.908254868358437,0.3001495539058452,74,1387.2359404380234,10,2,alto
19.076721406098308,36.304011268974136,45.20578264293549,11.318185802757943,0.7940546127021446,72,2317.351656955099,3,1,médio
16.811834284670518,60.82113640650084,68.69376439435969,2.6774708828655873,0.3966238140631714,69,834.5788092551801,8,2,alto
12.017665376965871,54.032097674848856,9.398071910119432,0.08931521740137684,0.44425390935086295,119,819.4651729043919,7,3,médio
21.98567925921497,16.307914317108256,62.85332815555649,9.894320465775646,0.8564981247770985,33,1001.6375044325792,7,1,alto
19.458669224577413,31.075518536439315,53.88134294538072,0.9574897278061322,0.7867263831449892,57,1765.1024598954207,12,6,médio
43.82460850532426,26.487659397742167,9.200874946247826,4.862744336334194,0.0694667088884395,110,1414.5215854654355,10,6,alto
29.519808918751536,24.218856904130725,55.58565838973766,0.1264398136054039,0.37321502991810507,36,2313.387267747795,2,2,médio
22.154696366067764,42.002990283198834,35.32378311038643,2.5500171031762413,0.8712962274285455,95,63.60225283109838,2,5,médio
30.31636603477936,68.36283073324913,75.59878284446745,21.329331994016492,0.2723662982286027,59,1770.4898449313412,2,3,baixo
14.871884547099341,24.570763899551235,11.328908049431945,0.5306574033405191,0.2715731085162001,11,825.8192234163859,11,2,baixo
25.541531222077104,38.00109917326833,51.42667126525904,2.755575189547559,0.09503023178915435,108,450.58412954615295,2,5,médio
31.918201249737233,40.1825684157046,30.558403637035674,1.8347084077294187,0.014323114119125208,31,1275.9890563002473,4,5,médio
27.111424112735797,92.88108764918691,76.54517364727022,11.774032162477932,0.6403047907559818,80,1262.6594604499899,7,6,médio
24.062258022901347,90.9199721191162,26.39799162322212,10.175787877168027,0.6700304687015165,3,342.527571721071,2,0,baixo
44.78469361148944,77.01238244768683,76.97487275934401,1.3570673686738808,0.869012963503,105,504.74014033222466,5,0,alto
40.81101667521244,26.749302873726666,72.11886808805993,0.42336757986295803,0.673418210905363,32,1020.4116622538872,7,2,alto
31.819208535580405,11.123358268250271,21.630658824852507,4.932739789206623,0.1433524940335987,42,1022.0285309807883,9,3,alto
29.928207641379895,33.52137239485623,64.28334214611422,2.050142863586089,-0.05988342171148456,111,793.8953490492117,8,5,alto
31.72311679386044,29.011509449044777,79.64833614428048,5.574994960677299,0.8854373843696602,106,371.3628787749523,9,2,alto
17.045923773785162,50.53332201317545,20.213040173702588,0.1632345715248727,0.24045069554360574,8,10.934197752448805,7,0,baixo
23.829821014251152,74.99551190610137,34.94217354586557,0.7158844356065819,0.21197154243242075,97,2425.5876560700517,3,5,baixo
11.381083651181477,82.24906449909722,41.61445892534077,5.797742254855217,0.8059552097493825,102,2358.7480742598173,1,4,baixo
26.644111312038934,81.03776768694577,23.594490864309144,1.1936383726726287,0.48509989854498614,50,1209.125947940338,10,2,médio
29.005860438518212,37.3708005100761,1.2211871716823808,9.745143685684276,0.11487117384913456,93,2487.629383187514,7,1,médio
17.971240763612336,66.85109091146145,17.610339535802133,0.30188735276421796,0.7890962427162396,113,1684.135826955608,11,5,baixo
43.74100965079298,33.1550777771798,22.554950747340676,1.213428702894628,0.8933608550547434,19,172.14384401885386,6,3,alto
41.83091138280347,10.481498891166444,35.487976105454976,32.7164236967985,-0.013321438849169281,38,294.2954977065684,2,4,alto
35.27501324095671,68.14087390426481,13.68819827307215,2.83765101996226,0.7622516283024873,22,2290.2771096740944,1,4,médio
28.66853200678769,5.884479731280906,69.86034853533381,6.069537679505367,0.290515697684394,40,1575.1305053740712,12,3,alto
40.44892058766897,41.82643287126397,56.39289061850689,1.0085192212314527,0.4240724465067044,43,2107.959066643378,10,1,alto
14.572832033821202,34.64413423718682,6.816038204772958,4.7063600976380195,0.8148159757649808,34,2245.674124084611,4,1,baixo
37.66784279962097,67.40397846669671,52.007396091194515,6.475071791890516,0.8733791957751172,22,1119.8550282059653,4,4,médio
14.36872848883969,73.9620925484341,52.292518112449635,1.8878634860743717,0.16216391040879938,117,121.3148789417326,6,2,baixo
37.79737318922919,32.368517237415546,76.49769389149021,8.827451095336697,0.11285077095991378,57,470.70087224330507,11,3,médio
19.651864888797494,78.04643130003682,0.24166970849289982,4.6243569340215345,-0.01948344140848815,47,166.42986825608773,5,2,baixo
40.69817033563661,31.45250844544404,19.834595984464578,2.4642983257233455,0.461797852662138,102,471.8496142462683,9,4,alto
43.04147328388893,45.16937239879051,74.22331835002524,4.078183295932411,-0.08639560454933173,86,1026.332316139692,8,2,alto
15.207858929179046,70.43166743127206,74.57071323186264,4.299089436033837,0.3118982976099366,57,295.49202628746355,9,5,alto
26.193646177288773,67.36282063023097,57.64691354965099,0.9048241439919302,-0.02661598334799145,100,416.83311951335816,10,2,alto
44.334558235693976,93.863162508098,61.261065683803196,2.5769498718105313,0.305225782929334,56,1114.5544551791982,7,3,alto
26.91926025906013,25.26449217943387,7.318636634371769,2.103634302348078,-0.06006781073439074,86,850.4273759712239,9,2,alto
40.22416328800908,64.60861221856241,41.11006678225869,2.561656471755667,0.7352172606087689,38,1169.1453104701025,3,3,médio
30.605603274596195,59.87137174481997,18.52663930311995,7.158772737314557,0.10973899393856587,27,1072.9300693976552,9,4,baixo
23.136546777186066,87.3588609041027,14.497443489089381,3.2940998696187935,0.22830871035791198,63,1611.1950649497087,2,3,baixo
20.00242444340546,19.072592748038755,64.8242639298666,14.093469343586078,0.7700479966063919,61,2342.973872189636,9,4,alto
17.112808188013055,72.66183472282397,10.803050934443794,1.7384090423723442,0.6462660613322051,82,269.6608461106062,6,1,baixo
36.662936698219404,56.14417546418915,37.49213095971082,2.686734267474002,0.11903836164205847,112,248.15037327298728,4,3,médio
23.528917738805976,29.71992828091149,75.08625916688264,7.731301830616367,-0.028100581342503955,111,2132.015277727255,12,2,alto
27.89464117702629,47.69914227324567,14.866564445227404,3.9485612635903795,0.6156737768553395,61,1265.9917616311477,12,1,médio
27.23139180004137,35.0398937362818,78.23947389905877,3.9596264440838187,0.29070255068810935,93,1916.0125589211054,11,2,médio
30.204766023159593,57.13820625096148,79.54303886088472,0.27407725481557244,0.6660799991182212,84,538.5547590182035,2,4,baixo
40.29520009685933,85.01005497331992,44.44937237459223,2.5424722380027784,0.34529477237521045,87,2072.1564329188795,10,4,alto
44.32587702542003,56.23744859709818,13.611419214172633,1.5785818160544411,0.2460024129722764,84,2309.6165604817397,3,1,médio
24.265447300083594,61.855017649392565,25.28839103527165,36.5795412140664,0.35120540821239654,25,1588.7075388662206,5,0,baixo
38.963162273720606,51.68730624032385,33.95942661412281,1.843412814497537,0.6485589856706767,50,264.6975536845056,9,3,alto
36.758472812915116,9.604895580092832,24.745937948657833,10.792273738428008,0.8022202865403741,49,2238.2370353908473,7,5,alto
30.073513300945063,25.95727011884848,22.450846390121264,5.638667139865632,-0.05023280341142447,114,1981.2193184251782,11,4,alto
43.46165002641766,49.28015564888745,77.7783767373086,2.084524537976125,0.42411154122695516,35,1877.1944412862247,12,1,médio
17.0166080434941,32.92117553702343,12.269186193259651,3.9212094518952867,-0.0671645709161224,25,91.8204722647889,11,3,baixo
13.82424736083675,21.35872379850748,58.66623269734898,9.179681673612022,0.36840954502435874,32,1997.406313142428,3,6,baixo
39.888668843439774,50.37195577265945,0.0328231551339897,10.743670777464231,0.7852828290969004,99,344.8775261708925,4,5,baixo
25.37024358218119,34.052881410306526,47.69461355219015,0.8741119796452229,0.2615902664203097,67,555.965440492221,12,4,médio
39.64390989724711,28.229687885607326,73.2754403163242,2.074344486364156,0.8324504210806433,72,1442.8370871731438,11,6,alto
41.25815718183952,46.75868756963427,23.03472752745752,2.041519519997095,0.5306084716506094,7,662.4519322922076,2,2,médio
12.1860157766675,16.995583227395585,14.842078020617535,0.21477131050163045,0.8341553437930064,65,1653.3705157797992,8,4,baixo
40.92126670451212,88.49711597678666,52.134383590274155,4.559474038759147,0.6571666254125197,92,1520.176119247704,6,5,médio
25.691166937929776,83.09318881273151,57.00811258387145,9.648906460678791,0.0034351666487622834,22,270.3739950331566,3,0,baixo
27.865137115148126,68.68585271664818,55.042441516158505,2.4028918286278294,0.13115136756267706,69,1640.0364489787657,5,2,alto
31.930737888262357,14.55924448296106,25.545350401709925,6.736059537315777,0.2941704545835062,54,2309.887274562325,5,5,alto
42.423391235553034,74.82895290227238,20.176192172746468,4.940282045190572,0.07010688201207602,42,402.7747629645828,12,1,médio
10.66906330504174,77.7161595298117,76.47350399696353,2.3552107255275248,0.39491160477666054,99,1492.6550523572184,1,3,baixo
26.6895213911236,74.09881559429039,73.86396066159436,0.760279873312294,0.3713681557014906,109,854.6634298417353,5,2,alto
34.070271485069625,15.256929840731704,36.585328791425624,6.17772763838367,0.8562591980273813,20,1149.0291794340098,6,4,alto
35.294743519438,62.951716136098824,67.69550929234987,9.640135946047803,0.33372788289597777,21,717.5004476974248,10,10,alto
34.23863510379878,80.08923161744588,36.18587821074368,5.78949500207627,0.6856268042879978,8,885.3265908692382,10,0,baixo
14.705229529284265,56.961806109770095,33.95112144580083,0.09020117468924133,0.8419105448514799,33,72.2795581663932,11,2,baixo
20.47884559300884,63.17666377052801,12.541035807943572,1.2182168096736383,0.7769888309739855,58,2453.8793447930516,11,6,baixo
22.555043389595472,46.252713148367555,34.11248451935783,0.3600584653255528,0.10866762451159181,25,1561.9998051818707,11,4,baixo
38.15530226878268,52.58365878956474,42.99335508798456,4.224341898224045,0.3960298942535443,0,1251.7639762347133,2,2,médio
19.756595534509355,8.09391725165527,1.8003461942949173,7.062733363271137,0.24773978229592572,99,959.2883737508167,3,2,médio
17.37467373535211,62.506671977595616,35.529040414032515,0.5859240004360605,0.2998586951372155,107,1348.436397060069,10,3,médio
43.510680666333364,12.330249160204328,62.508497471616025,9.111232166728595,0.26080682624575124,4,950.26499678951,5,5,alto
10.31021497897141,44.151313490620105,54.403684509941584,4.054127115485783,0.7263592101750042,40,899.7698187341832,3,1,baixo
44.92372994886924,31.338958790066705,50.8125591091148,5.8554151283277545,0.3521390551224475,62,1159.8663543050327,5,3,alto
33.688745460008846,54.08851551905418,72.7644342749762,17.772065999556602,0.4236943322446882,21,689.9575841779771,5,3,médio
38.9964254807191,17.007470197088637,1.4425607860184009,0.436953544167181,0.8824473570470747,67,450.1247499169636,8,1,alto
20.31167887211676,67.24790617759864,44.56380689537873,11.574504256709734,-0.040020727808483564,47,1391.5147454507337,10,2,baixo
10.5010347183471,76.55103832356234,62.98790787277657,0.6739620568007954,0.3879576397907488,65,2106.913590375753,9,4,médio
35.82543314965355,19.701900476884084,43.30683061610138,2.495793131823979,0.6740617069461161,15,382.07044431473076,8,1,alto
39.19506089502365,14.388177861669394,25.91164420643033,9.533787933033695,0.051161958188226525,79,81.83585151054662,12,2,alto
35.91666461837317,18.096393450862323,10.900045207358229,11.83584403511697,0.5115315946147739,52,617.0293628850903,3,1,médio
14.99976005552935,83.94148057086515,71.0050457452953,3.5298621028412014,0.13946477953446676,119,2449.301608634527,1,2,baixo
36.369977278993915,52.53703355807205,37.66099139100824,4.508299411704243,0.7674041132245676,119,2071.895184358348,3,2,médio
36.91229737376743,47.05348964067523,70.24921575885611,6.157530872977058,0.22709966540007928,85,1489.6651338214915,1,3,alto
33.048918048451924,14.604063719211885,46.86816979465347,8.941587053153357,0.22906281690090954,106,2323.1222881078397,11,1,médio
36.814057647845516,63.46004060812656,53.935369329200064,0.6477604288220138,0.49819387851789354,64,1113.1977920931115,9,3,alto
39.60725038872063,83.11996327055809,64.34089235027601,8.305480267619725,0.08356290811990871,78,2458.2015064379348,12,0,médio
31.476143998311045,79.53672823911077,52.73244356801075,3.2819180966634534,0.18488863890306104,63,740.7551127982101,3,2,médio
13.101164988938766,61.344923808272114,31.844387254315016,2.9948557192475063,0.31663185011941153,87,600.7643737898477,8,3,médio
27.06697333835238,11.775084498650626,41.09067071429208,2.7573679587893123,0.2536378631401104,67,1595.1205028675274,6,2,alto
12.717726713506178,15.115732445841166,64.24364197407039,3.5587108562238328,0.4248772180055824,62,945.384919875901,3,2,alto
24.26400608613508,9.437808839884221,29.892023709838735,14.506708345293118,0.4996401440689663,61,1565.9138549406446,9,3,alto
24.248727119396968,28.17312948432224,31.049716541479768,3.972620127816693,0.4666674537501646,81,762.4887957567145,8,3,alto
12.310344544908455,17.209532044434,7.655209284640092,15.306961197780808,0.5541683119919323,80,1544.7956420949777,3,3,médio
22.208718688931775,28.40432362271905,73.16675481773981,0.9940240957804243,0.20774951660782023,70,689.3656514625909,7,1,alto
13.884933457696018,39.65522501470655,7.282905195635339,6.439236057999866,0.026426227155028043,113,127.43017204722484,5,2,médio
38.28823235032277,89.86845056640222,51.85673419588447,8.362941350482798,0.6608075414310771,44,2280.3397548079583,2,1,médio
43.16908090875648,59.93384538035229,33.055558304223815,5.683577900671898,0.750780382630682,51,2208.0130046836553,8,0,médio
12.531076634027851,80.14764071146661,32.44955122043539,4.668739632135216,0.15700623222243223,115,2426.99537318168,1,2,baixo
43.42903225520955,68.9316350641099,54.364146925814715,4.15989476088154,0.30709195615801976,73,1791.3179405535118,4,5,alto
28.29018097678608,15.125281747396857,5.367498610390298,9.863906727696573,0.3985692169635553,64,1706.8029443382572,11,5,médio
20.484798728385584,71.23283657365539,47.49646263611477,8.619941439109112,0.4333268427529364,1,1397.5076751870768,11,2,baixo
12.690172634665723,29.7588993403212,61.762542877788384,0.6521878952003058,0.5594901710876519,48,314.8560408813067,12,5,médio
27.521849382464623,62.51970622952357,66.25702063092754,9.438742078730947,-0.05839676664467866,21,473.0882773731751,4,1,médio
37.808044057176204,35.68657762786897,13.642431151502024,2.67276297141433,0.621477082734017,95,723.6742216813404,10,5,alto
34.748026704334436,94.79050369381933,71.79352400625389,1.4631168361330162,-0.038028993020589735,28,2225.3909064334857,5,4,médio
11.757910401239082,28.719633154710003,52.49168734779538,10.192210826198174,0.3682885676728679,34,432.42381150768784,4,2,baixo
12.551564237876622,30.12174236968427,70.54838406565463,2.8283876127058956,0.7276711355691942,80,2307.182936219727,1,8,baixo
24.100564892142298,88.76050300061584,38.82245736881586,8.260805705797544,0.3512153132783963,75,1306.964332628543,7,1,baixo
20.335167291678015,7.21799641726904,43.36266760777616,1.5285758926721804,0.04908974876824776,23,1788.9240886826803,10,2,alto
18.133451306961675,67.70200890858771,73.52306216229368,0.019685307438803007,0.8850338450059597,93,275.6112167014163,11,3,médio
19.835157461804975,70.27937516622903,71.99276346837374,3.4205327812071964,0.7892854620742633,107,672.5838719397773,2,3,médio
38.12189601539096,80.27407196693594,35.85286986952016,0.5280708315826426,0.671313633225014,29,2396.296520453566,10,3,médio
42.52298187711489,92.69953795746278,21.95301053085454,7.019765932719637,0.3115116028992104,83,665.3748673243284,3,3,médio
24.178594308464824,92.80417272409872,31.453634765141132,1.6153383554161986,0.08384572688929778,41,741.3043009778653,5,3,baixo
41.713885074637396,10.87490818098175,31.02114628237998,2.9317493074247265,0.8414111814185012,70,493.9934621026987,8,3,alto
21.25234954367587,78.96553904776123,22.949349998623518,0.4552808129027366,0.43235112651713903,105,322.68416326707376,10,2,baixo
26.675294522032708,63.167894029164316,21.486368346637327,1.688980301577062,0.7523554603874851,49,583.144103634995,8,3,baixo
17.91101492355999,63.2607920935782,68.88503491837756,7.604623060822867,0.24209500575942575,117,1605.817229876996,2,7,baixo
32.41666147615454,16.55149339532253,5.588953654772935,0.8219440414087492,0.2352883170794706,101,1138.4193337589088,9,4,alto
44.26433903111831,63.5168449801088,54.20889456796753,5.208696693810795,0.8855404806740391,70,1384.3895908447464,6,2,alto
31.122258361518252,93.4234322541123,13.825604116516184,12.470293176970555,0.4218330484948498,59,305.9120719150607,9,4,baixo
22.52349294397421,87.06367125855023,27.56047147152506,5.69462143750576,0.04069542386074629,112,2005.2911179072503,4,3,baixo
32.67361060966849,44.52175947243655,4.923442730786949,8.330615143338232,0.1196746779947074,29,1960.23675144962,3,3,médio
14.302223746288565,8.59531759574849,21.597890948436962,0.5768950530425404,0.3819442793927208,11,53.97477785668847,5,1,médio
41.10306780928895,37.60641410001843,61.473685689379366,1.443291584130142,-0.057529089511588666,48,958.7877362757624,5,2,alto
27.607938277294274,79.37512804404997,70.8012259637807,11.247063307882696,0.3625339853783005,94,171.92650492786953,4,0,baixo
25.727240971387474,68.13491913186493,17.722172152189366,6.278183707457972,0.31894084208012763,81,1980.264448537395,7,1,médio
30.50526759587317,46.340929003456075,37.08382714071375,5.102063218721568,0.679336265319487,45,1843.174207814261,8,3,médio
31.867435197629085,9.9591381642948,37.62592383497651,5.449750610787186,0.2549419644892418,42,2254.97023573289,5,6,alto
12.512153217927956,43.420525504097235,69.88602446077874,2.673888954121298,0.8825487615395994,1,591.0098973827866,9,2,baixo
33.89160274281909,47.212244574609514,61.02392423006443,0.22789893075275056,0.08076991930090313,116,1140.7397078194972,7,4,alto
18.467608811043533,88.56999796047224,41.04617746944399,7.672615698656503,0.4909866849681349,96,461.21969291099435,7,2,baixo
34.98834213773064,62.69774932239435,53.65977603774187,5.677106047619388,-0.010300702991745375,74,928.0873361852987,8,5,alto
38.788717803446886,33.0487624989184,67.78840431274935,3.200918817091589,0.633863983993982,97,1305.60812891721,12,2,alto
38.13854776433821,52.27864380056492,0.7631163220435955,11.500920656466603,0.8947536880619715,79,133.3269745964724,4,6,baixo
29.33753385927612,10.944977703994407,32.23120248400389,2.0485680886779374,0.7191386377516322,53,1787.176026693463,10,1,alto
28.20594623087629,92.53114120847631,72.57945338216629,1.7429793686874295,0.4557035407203013,34,1358.233400927688,6,3,médio
15.00065864687941,37.40539117376534,59.22504246751611,10.309828688042828,0.38474135739969206,51,2072.3975430266833,5,4,médio
37.137115264109745,48.00806194218222,43.42730994672597,7.972442438971502,0.7350299612668469,32,679.4512529779931,1,2,baixo
19.499328315635005,36.97555768132303,42.371562162810676,3.6178238069093465,0.8359740847107243,84,2258.302763173136,9,4,médio
27.38433979862813,66.42605571045802,27.821607808355022,0.700534761303764,0.889206525798093,83,2496.7356325761084,2,0,baixo
19.949593252463085,64.60089424966338,41.64164269132116,1.2108130589850228,0.29653922756448414,71,2298.246095944186,6,1,médio
14.68399270498926,69.37900794762221,52.43065595707626,5.338883020747006,0.8909174747945123,50,1944.7311895828852,8,5,baixo
32.03451939121078,29.132890665072875,33.46904307430344,2.431000334114211,0.05592625217383149,25,2030.922007184452,3,3,médio
11.901621218801633,33.41016330476594,57.13225171137392,9.053891683699677,0.1535497759319092,96,1434.3606063614661,5,5,alto
36.202583194417,16.272610798658715,68.89857818083087,14.97416432393713,-0.01098387526610381,61,475.38465728152624,7,5,alto
21.115537834139083,63.99589746615013,12.374787854788893,8.190136749137144,0.17173851648448166,60,1692.6017128692934,4,2,baixo
10.004714255156987,8.581741460208729,36.123761825393956,2.370423109865894,0.6679375516180112,25,1781.8825051498288,12,2,baixo
27.889519873303044,58.79141019711132,32.64160730280649,7.772060656495318,0.7529243581784497,36,2463.462850669764,5,3,baixo
11.639816798466109,83.27262963664705,54.997184323978246,2.165016692963119,0.6788926451025717,29,1353.2532906408046,1,3,baixo
19.66593452373148,85.17489334606702,19.98939722063435,0.9142089870720137,0.5310657781676963,94,678.422537562641,4,2,baixo
34.744177060950065,45.41339843329655,51.2200731961821,0.1698174483096358,0.4139665125226456,96,1709.1813043487668,7,2,alto
12.194136756765305,46.337331939176636,70.19913933851905,2.4364953868495673,0.6087042892136465,10,2448.4395491661367,12,1,baixo
39.37684723246008,11.927226470721562,33.45052798348981,11.694135028169327,0.2908335492672218,52,443.034770672735,10,0,alto
10.133697293050409,65.36885228987322,72.88125599833761,1.3655214838799639,0.7413083514997019,40,814.9947963390067,7,2,baixo
18.638835422066578,78.91334783355609,79.45309911467828,1.1565916505855791,0.5771900939767854,4,1354.7023844317027,10,0,médio
35.9316419653225,27.018954914424175,8.487363995836166,17.503009222853642,0.5978046984944085,65,425.5365872050121,10,6,médio
21.069455240525738,42.91707934700282,18.644255038788693,0.12661013150743286,0.4359359931290713,12,55.55159879984589,4,2,baixo
13.566233582310474,80.49554030887433,76.03038011856745,7.703808964726435,0.7852289842111726,62,842.4578061031266,12,3,médio
22.608187158014978,83.94084208960592,76.66621491851095,1.9383957686296707,0.15201473367905247,81,2163.4270037526453,6,3,alto
19.463765023458393,26.886198223780333,7.81658203094068,0.19104350277632698,0.28114765336105074,89,108.67099830928706,5,6,alto
39.49491657561942,54.55135710872278,1.1998800301709345,12.49315440095246,0.6776425696776891,24,1072.3226475422937,1,0,baixo
20.96717711548001,22.324383557224436,12.88800186051378,0.7520354054492304,0.3927488961293377,43,1905.5019323152062,8,2,alto
37.61263651216025,14.16908877256009,79.68102267057986,4.012347488170758,0.7892140134241908,13,2382.9564922772133,12,2,médio
41.21552506837571,87.00084512527619,14.399969328854949,1.6013996641294819,0.24639931976285231,68,2463.6884975110806,7,0,alto
25.18360968517853,78.84567538088983,40.20380853776185,0.33707488250930345,0.2693301688196448,58,1054.923451521854,5,3,médio
41.84801003490372,73.40314116228565,67.87341811444088,0.2560585183880736,0.7887357893866254,55,2375.9607359477936,10,3,alto
23.20613188871175,9.388968693182637,1.6321288550565072,0.6139843506745756,0.3643703201820411,105,88.54743320215935,10,3,alto
43.742744577153786,80.93559134392318,48.35911858067676,0.3702084080823715,0.41612458420248677,51,1864.7923449963907,7,2,alto
13.125133358395052,44.423966831484535,22.162035909569944,7.147222725520798,0.23276371533567938,65,1606.8650865840323,10,4,baixo
34.0456743276135,35.81556109662736,68.98679331517853,3.3234420251778642,0.1766699421790819,67,623.8046439653808,3,3,alto
27.283491415992504,54.18287249228388,22.676891941126335,2.099535147310402,0.555948710838392,11,1268.2962516991222,8,1,baixo
23.56770819094765,13.221791845120025,54.940457622552714,2.7095944921750705,0.01984066154120387,74,323.88434440123905,5,2,alto
32.14491575620103,73.09818944171589,53.937570595791755,13.221627400000477,0.7792726411829093,67,2178.9928773789024,2,3,baixo
34.63499820720159,57.41915691994663,17.719483908771203,12.081670846601105,0.6792031367651079,42,894.7452138641198,2,4,médio
10.152714437760817,21.793108718585078,2.7839359894680094,6.2882126733355905,0.09074826370580277,72,1565.1111761642915,4,1,baixo
15.843358106151955,21.940897979214103,32.739965902831784,10.800325111453121,0.5940199458245654,73,396.9407157181557,7,3,alto
34.95661177220116,21.58237864154068,23.135452157269576,1.925725041176145,0.5026329212856349,90,515.4121115780177,10,4,alto
33.323489475237224,10.130214879674059,64.7182199690967,2.3991331951697976,0.08453505073664411,5,2479.8909270078802,4,1,alto
43.811662679503705,57.90186044345163,64.02913507642762,4.755862722530709,0.17320350605023246,14,1882.7159861033233,9,5,alto
36.6363226587774,80.63133598296572,36.56191617541004,4.885859045404103,0.3089865037338344,41,2404.929674435177,2,3,baixo
43.27704477059683,6.574839258864974,48.52097802585752,3.286003706250211,0.5992427352454739,30,739.6279130301103,6,3,alto
34.58891755371825,9.41041804741462,48.34076127895401,2.559613196654243,0.538723408817006,85,411.407191549551,4,2,alto
20.431827302380512,56.54932490182512,66.17265187420986,21.40830504279635,0.43223484767669795,52,1257.6711586970773,6,2,médio
13.687772278779978,78.75461168474472,34.0001931298558,8.605301802257184,0.6684105431140343,5,1236.6707055683585,10,3,baixo
37.36383521707275,34.40650015117703,22.035734383240726,2.8544725023205086,0.657937739606166,32,437.3662843949697,9,1,alto
32.54522275165706,36.465295892694996,21.2027934512438,6.49677701648775,0.5178591540622559,28,1833.0489239535254,10,4,alto
11.686510433765369,58.671184774709836,42.89538234257633,1.570552524088403,0.6869900833848253,20,904.4438360968352,12,4,baixo
22.60176630653424,29.679160021173228,35.931856218577,0.5277433681106287,0.2342633747792092,53,465.91307732629315,9,0,alto
43.48799354195002,7.394752946991572,35.209661678794895,2.1726498341943845,0.7812495283226056,55,829.958486358221,9,3,alto
27.51404009985704,71.17056662914365,7.290987127176578,2.5789630284753233,0.5149100858019408,115,1409.146749087538,9,5,médio
25.145519760689663,61.30849216473078,57.48829925521565,0.08337694629061783,0.7223635138124306,93,1816.177330451108,3,6,médio
26.01948618057529,57.26803991500932,17.098935038552856,8.43137884995738,0.446279104790284,20,1204.7272151437114,12,4,baixo
17.31089534018073,71.75157160926408,15.75629041669771,2.225137936919787,0.11843824498868036,99,1313.9874745709337,11,1,baixo
22.904750980267835,65.77077538058337,33.02066562219147,4.342483482430871,0.44241012867830865,54,347.364839856871,9,1,baixo
22.94346395955118,23.529378936048904,18.222267329424113,0.3842064527957367,0.27111166377658813,57,2286.7273117705804,3,1,médio
11.832425706561533,36.72329422490161,46.70866138464123,0.9618402435807895,0.5974990360370945,63,2321.810494980111,10,4,médio
36.86486699812714,16.34991275107625,29.71706714675772,11.022472335056188,0.3757937917347358,85,1708.5664760450093,3,1,alto
24.577655116635764,16.68713120760929,35.912937807423205,4.691244383655862,0.7361128049276877,45,44.07852233506176,5,3,alto
38.77629603857481,65.85761717208854,42.97354572832231,15.007147376205083,0.5780725123219167,83,1342.6855397583151,6,1,alto
39.76218003919634,82.27400962842484,16.28284179854439,33.42319620549982,0.584544433031324,21,1573.047430221534,9,5,baixo
17.419791914453032,91.64593254750251,12.460129829242383,2.324961955166636,0.11715533349106497,115,2486.635557395275,1,4,baixo
33.007371875954505,61.551240579449995,70.43375222988838,1.7748324785769518,0.8842497664912904,59,2490.1673879869923,8,7,alto
26.52986314570436,21.569119102486127,34.697896226513684,9.772194004739543,0.7416752092714888,103,2144.0280883138935,4,2,médio
40.80548582725198,14.508531090403764,32.96748877060313,32.897393524258305,0.6890048845606946,10,159.57748006528382,10,4,médio
17.550923771175896,78.15658743830821,2.8489720218273185,4.966415529643944,0.23021522516002743,46,2383.190976946825,7,4,baixo
33.72346201085155,57.08808287239994,39.83810420699146,7.927159934175011,0.43563165284723193,30,1531.6531178799978,6,1,médio
31.27132427884529,60.645651891234785,44.33357772888001,7.610475549709892,0.037103188074328636,114,2002.2169261979486,6,2,alto
20.335551715014148,75.33158798792383,44.70726967637332,2.1951589017041675,0.438475976662706,103,1017.9821242146339,7,4,médio
14.781031627791041,68.29495049592065,56.56249354583075,4.269754148281779,0.045889246483287266,76,799.1736780864744,4,2,baixo
32.80739161670468,80.1012427570487,14.198546799280942,8.950512451806803,0.45303784398960123,17,1158.11036370952,6,2,baixo
35.85091103463157,10.059251491389062,20.177850738449507,5.825585729065979,0.5487218801549056,21,367.1862824220673,3,2,médio
21.04695703171725,72.27685730718544,64.85843721843301,0.10695489159873309,0.2901959672499024,55,892.6653468832651,5,3,médio
32.569141140780985,81.5767481589886,75.77364934747152,2.0526822449665234,0.39854487833129326,16,2144.0437494206967,2,1,baixo
23.829581766402615,30.75215382124829,10.874619789385651,0.7802038881548186,0.7756533876745859,37,94.87621565220373,3,1,baixo
34.96224091489162,62.64025465939276,39.811964360417456,1.3261612445372224,0.008563144702809361,24,377.1951170615112,9,1,médio
16.972534621291857,33.274585745327485,17.134100219166946,11.79522050691586,0.6917328929996529,31,312.7903991237138,6,3,baixo
41.1575250922661,91.21739598342086,4.805853468398595,0.18795531111589342,0.0707545509961964,14,1007.6888567505702,3,2,baixo
20.059335876295293,8.008121519195338,26.040267050090833,1.2410294722385518,-0.06329201719537161,12,2492.4672522271544,2,5,médio
22.87250957146535,57.18135594496595,11.49501001473702,1.8521987444311825,0.08557460274504777,57,433.3948255284567,5,4,alto
12.033218322812242,19.98531923445636,56.7946458747397,4.797088257201255,0.6650431899704897,89,363.7066239981504,10,6,alto
13.902927431244674,69.09981846594428,42.69803309371555,3.818939438690587,0.30512607333686004,49,2287.639324440386,5,2,médio
28.055166594931485,20.83012550767959,11.50675767922487,1.2312260252846798,0.772520516846182,10,2205.126292414914,1,4,médio
19.365743685479003,26.18449357085218,0.7393270724411494,0.8970753270150439,0.42470754118226584,12,80.60092499138611,3,5,baixo
39.2418079009768,49.493372994118225,64.65256392193702,1.3511629181832354,-0.07774964807366905,96,1879.2649004482876,7,4,alto
10.514268602923384,87.33514549971903,14.095552493139802,3.4910963765791845,0.6167136096019268,49,1638.664253691074,9,6,baixo
23.268291703517768,24.054293493317374,48.49733137766128,1.5816272643157885,0.010232908721232697,100,1919.3520246317726,5,5,alto
21.807094136918245,17.981601900629315,26.953753046139646,14.744482147000724,0.6893796334619244,37,1236.2561369898053,4,3,baixo
10.676467082116035,73.30791486686276,46.83887506520285,3.116848484810553,0.06810254980518002,0,2478.448046120739,3,4,baixo
14.352893965017858,50.055757910053785,25.25229015858592,0.30297694911185313,0.24544638580551345,38,109.61754677740798,10,3,médio
24.477493622152235,87.06066011435942,6.955164855380334,6.533099944890253,0.6612714296253603,26,585.9289660095143,9,3,baixo
27.250260455660634,18.195310144385807,17.836000684620288,1.9937779979965313,0.8542313574764216,35,991.3649674340377,7,2,alto
24.15014115392042,63.13351037207354,15.044685318326048,5.299202593752389,0.27143395064673237,31,1124.444853914258,12,3,baixo
28.582818744423285,25.959123153663352,34.241548195171504,1.639704256672275,0.7294002201989358,40,2303.4185067487965,7,3,alto
30.829608621698853,19.108438578647537,52.662702674092586,4.228505998864237,0.09079226547583871,14,1400.010910193147,8,3,alto
10.347333739474248,66.50864736415434,21.104485995708604,7.395393772813559,0.7071797702024911,30,112.7774888009847,10,4,baixo
26.243330580872637,58.43161579178599,0.9655948240494361,13.156052904363866,0.5574940592562511,5,1019.6574085641547,1,4,baixo
43.72247343106559,72.93447125260981,41.51498914118055,1.5131471106831214,0.09274350721236843,88,1041.2260309226747,11,2,alto
28.166129804534204,32.85163188015641,48.46075914871776,2.0387657508983463,0.20250396035141158,112,2413.727346094462,4,2,médio
33.713979361063366,45.317449074397096,77.02963952014477,3.120591471276446,0.031770888597036,51,1497.9927275527705,5,3,alto
20.91523502709091,41.49245086973766,47.15766424745975,13.098468740015129,0.2829670110643133,81,1589.127677897347,5,2,médio
37.08969823534669,93.56805175698628,37.693804750251346,11.582753640952937,0.1036486411232774,21,1783.132578128177,1,2,baixo
37.05225186566403,31.30240610654491,45.87213007181631,0.47088465142447766,0.5439979536304735,30,1925.0982892053082,3,0,médio
28.245361667894862,31.533551451209018,74.23205038896216,0.7074136084194655,0.8945051042205587,99,1587.6276755062229,2,4,alto
44.160483814772476,36.909338794574666,66.2702516481317,3.42102815148361,-0.08799083691573586,72,592.9858778348388,12,1,alto
14.394257516692868,55.813467316128936,25.83829866910464,0.5637122136142307,0.4409198132872987,45,2185.1147858529102,7,3,baixo
10.593168271135335,27.70904698373707,18.980349092570982,2.120036331764199,0.47366659754900975,66,1830.2995010265754,5,2,médio
36.955537411498355,87.37609463413465,21.01068898928589,0.8031058816635384,0.8142087896808119,96,1854.6762127423897,3,3,médio
38.25044380777089,28.911700837963714,40.35368317721704,5.053561416191984,0.40600533476693756,90,2491.391848086873,11,3,alto
14.207253019220168,85.62341584041752,59.52395609828622,14.928457430907391,0.4437014196449175,42,2006.3163371582898,8,1,baixo
19.295399153551212,14.312755728192618,40.257536574636966,28.620594772535174,0.3716528013283886,0,2072.878507887883,1,5,baixo
10.614332717832012,64.09064321596871,5.423711666249007,2.351947578426977,0.1689043045614814,43,2378.513789275396,1,3,baixo
20.265801377319764,86.62869665944193,57.88645603519847,4.569126830868356,-0.04397086675108633,56,377.83499962223465,6,4,médio
37.0599655871535,20.187449455840657,64.4776102936763,9.699012069850667,0.30865768220983614,8,1244.3184411951697,1,4,médio
28.128618469940264,92.14942640893295,23.159829209577573,0.6247675704845274,-0.04740852875932147,4,1451.417558976969,4,2,baixo
22.183345760890084,45.75950243739605,53.13005914266803,5.8488942106468835,0.4504924694659178,78,823.1893230561441,6,3,alto
23.01087532172156,90.1143597596922,34.12735208435147,2.6283738239516192,0.20729364324229313,113,2098.508359736264,1,1,baixo
10.047376900041385,65.91380392670423,71.12954845819543,1.154279578186829,0.43360240152542784,8,1906.0490541143085,9,1,baixo
20.493018464783255,32.14281828861964,67.61804465285918,2.577127759054009,0.034296964395186674,44,1802.2076862703102,4,1,médio
32.626055957327566,21.947227242539576,42.03455986477138,0.39500114394422936,0.8326299657393597,91,2492.873599395417,9,4,alto
44.0968055335725,32.33615416025894,55.32044366508756,5.943896537864593,0.7945212435499349,76,648.4534335209763,9,3,alto
39.64712894443648,13.371566833640749,70.66797608176832,1.456728334452886,0.0899965092022845,23,1838.6431291885533,6,5,alto
10.825823762593519,17.94811697089968,39.65736080626204,1.8655146298455592,0.24344428329400988,108,1378.5111872647515,7,2,alto
41.449621163619376,14.419439631183304,25.060059239105755,0.6453143752067005,0.5134927718519796,73,782.4729562346902,1,7,alto
37.41194446545191,43.0649189367402,60.293291032766504,9.999793004551899,-0.004313792694093738,41,401.46717680781455,5,6,alto
37.313164324984314,76.60205386318277,17.60530038277534,3.4006047502820764,0.25456782111615084,21,2239.709592668868,3,6,médio
26.029851565125,17.724519879470616,31.082491840483364,4.2448765734779705,0.1511122868190061,102,1488.6387067696132,10,3,alto
23.9301852534076,16.72883898551023,69.25817896854349,4.213257991105423,0.8155167287166967,59,2062.3345941019866,10,3,alto
20.602050509161742,62.90860545655977,57.953787221545205,2.642344394527824,0.7525106362892052,85,1363.3624600038622,6,3,médio
12.299320063402803,22.746468377125964,32.30488041979994,1.0692463577689895,0.4798327412668638,36,549.9427016350489,4,2,baixo
17.988237722279468,13.784903429809244,17.179560192668593,6.835062258602063,0.4203463368715742,115,843.8720327508131,9,5,alto
18.631127224230863,20.016372038501988,28.477471266578924,0.6794208790054563,0.8307257945453972,38,953.8471061838663,7,2,médio
26.942697439857056,88.13582562890986,22.72833193819464,0.5483700843154272,0.8324277829788154,83,2432.3370312592556,4,4,baixo
36.16055423088429,78.93241274985718,14.087143035508314,6.191873053756386,0.8693301253516604,73,14.08319595345625,11,0,baixo
26.583343993928132,36.865810611958466,59.46663308525253,1.1712564501307434,0.025378884108187644,73,2464.1650575612675,6,2,alto
12.024555730650622,64.02386905946535,20.165590948013723,1.8319870671025207,0.06055781076317021,89,2451.1540877745765,2,8,baixo
43.522643034587134,53.354810630123424,36.333397613421106,3.2239519037939655,0.5767366986798866,88,2490.3769763253413,3,3,baixo
42.99535116829393,65.94118371343075,30.868755746888723,2.983291358008835,0.4414344766098449,52,1191.4704472990868,11,2,médio
37.4816340101943,66.44040372164834,78.56619029085047,6.164933755423441,-0.08153409510676404,119,2409.522424052499,7,2,alto
44.69647655474772,61.586061355399366,31.287379531857642,4.883280443183032,-0.03802496401048064,27,988.9979546245684,11,1,médio
29.056881648009202,28.949123168357772,6.398598623740384,5.169689915836998,0.7880803822588052,76,65.73610167096678,12,3,médio
43.69689225886221,8.51057786865363,7.186060205766722,6.259767267675683,0.7688707955393863,14,560.8679659294113,4,2,baixo
12.646176421586278,46.00101037910979,47.26029770824518,1.7308849710337215,0.2572709219960452,59,2363.2406123434616,12,2,baixo
22.798826189147995,85.18764962216335,47.94908413906125,1.945498611234493,0.7910506169305347,59,34.41173333849995,10,3,médio
17.888344380236802,56.254753266671834,33.5007192386124,2.8812471089659537,0.4936750743979018,5,1364.9853385574377,7,5,médio
16.854157944699452,79.9151937531717,34.547495384962374,1.8369620931708304,0.7059056470189019,51,189.00397223669762,9,1,baixo
14.928103211243663,94.24619086651053,4.314606627269697,20.977857820111147,0.3274310711602143,11,715.9914460689462,5,3,baixo
31.78447745480988,19.725458372444862,41.32372083114098,8.411439092770495,0.013398327344908728,18,220.23212677971665,1,4,alto
37.346264951155675,67.2599875227784,40.37915803042814,0.8995504630975346,0.33372706264601626,95,2148.821552782641,5,4,alto
30.240443979712623,65.68642163300223,11.963945484555563,0.028049308867048504,0.3572997979968979,74,1477.6767741192646,6,5,médio
15.14369483558734,93.19599026224506,8.307150888874206,0.2186272160428784,0.450944193840603,101,2255.2661642957823,11,5,baixo
38.38933194767148,93.70406605575204,9.88579924795924,1.3989891813793942,0.005582712904427994,96,1720.8829988505709,2,0,baixo
32.258414750730495,66.80107505517165,8.082259719300682,0.6068357374250977,0.8914018630496114,1,2427.5728281127494,8,4,baixo
23.585799714444843,26.925331278397483,48.77665564294078,3.8107514914887908,0.14413682080690635,54,1274.6941369010165,2,3,baixo
33.594560343762204,76.87002543175392,15.71861219223349,9.759472895908507,0.09855240353709291,14,1596.7764544071863,9,2,baixo
19.096674273499147,14.632622078993428,20.114412174997078,6.673259835724783,0.4268029188559366,63,1440.7720497226414,2,3,médio
22.08172729729737,75.26293737544658,13.885771532115179,1.2142386944276549,0.43720817939488865,99,1210.651073616532,3,4,baixo
42.11200450961966,86.91765117302268,76.62682435588025,2.5482919930734775,0.3398207378332443,68,2114.8984135575315,8,5,alto
20.167657698499713,39.45500552915917,68.36939705214684,3.5453078216284983,0.6718921463252545,14,1611.3128391759005,11,5,baixo
26.44958938552778,61.75717654847724,18.43958698812167,8.30907606291132,0.4166544007286027,42,2003.280662138682,6,2,médio
41.15493980886051,43.71284588871437,26.20530351377008,9.135532490877862,0.5096954551449842,73,1965.909841506033,1,4,médio
34.77024725936346,44.39885494893156,16.791427384399775,12.024103144000858,0.6237463854077856,16,477.61290163823827,4,1,baixo
12.177112915764596,32.933380019730805,39.3500767568659,3.5590538391722335,-0.07497489843613339,97,1625.4088312941092,5,6,médio
15.155606549763963,73.59166584052922,1.5688425979402876,5.9253422226035655,0.4706441825450448,115,499.1200479533353,11,5,baixo
10.27445567701709,89.25589077498546,53.70944071174365,0.5927937704316122,0.7841944712283693,23,1458.3011956094272,3,4,baixo
32.08226265802072,89.6675773311015,41.85265198541133,4.165368721893145,-0.0826112570745661,73,1693.5867111157513,1,1,médio
25.66856988936464,20.730315638744045,71.89111426408826,1.429696689288808,0.3051821038009611,115,2493.087678968967,3,2,alto
14.699619781579644,83.72692846909095,13.151414746273131,2.82567771293653,0.82622745020583,29,76.35494537434589,9,3,baixo
43.52769423698697,71.36882972844099,64.32873968489054,5.026299779708968,0.2531544022825378,66,228.1059852843023,2,5,médio
28.538090338096698,27.755366062126033,63.356881157337256,1.4852015413545323,0.3587288242002409,50,192.56674092807873,1,1,médio
18.46626529395112,11.05561516293631,10.174495137350954,0.2679800221458772,0.8815413930443128,59,995.9032156668501,7,0,médio
27.521124990414766,29.11975401959402,31.884737931530207,0.05143291176106313,0.0993238589505738,100,2053.9709037145344,7,2,alto
33.78671164572877,87.0987413103373,13.612211291561351,0.11204373266091905,-0.034744810874994064,2,2110.140831967839,5,2,baixo
12.668372629074756,61.98608074061951,20.377640036603914,0.04192395919014802,0.7594225908613044,103,1842.4489893028792,2,4,baixo
19.61463352667622,69.89491948080847,21.05969398644355,0.5846641790316701,0.7684653412123685,4,2242.1956045748693,1,1,baixo
38.24379218093978,28.143711599818626,44.49891152206182,1.3688216395294246,0.3720778346800132,27,807.1498604236313,5,1,alto
26.088270464093142,69.74493400173382,32.91287454083724,1.2501431532516574,0.4142071744772863,107,220.38661063074784,10,3,médio
29.13019997113032,7.530935565013138,75.81862432050443,21.636402329979497,0.7358063696178361,77,145.38256997462528,4,5,alto
25.148560077331425,38.778921119571244,10.10961135576041,1.8264605782253482,0.6385594981157952,102,2130.3317990484657,9,2,alto
11.53649799250518,61.40780136880981,77.8953707880159,0.6815091815783657,0.16514900221701065,10,1826.0907358842283,5,1,médio
15.801242293705457,18.14869089871882,18.451091217141116,3.943474928820084,-0.08310664492848155,71,1746.5382650278023,11,3,baixo
25.593957355966182,79.07032170022413,61.82991491054825,9.758143281891254,0.37970016253354577,100,849.190846364172,10,3,alto
17.321491289277475,26.15281689307268,27.117594093825712,5.666956282854394,0.7589123260956414,71,949.7629715455655,12,1,baixo
11.749266003088756,63.70530015366016,11.446511633385112,1.7554676675421954,0.7958346766901622,75,2395.283822248298,12,3,baixo
39.527738241813836,41.467742831779674,68.6311348196992,4.123302024329407,0.8562261970761539,14,159.51186024483755,2,1,médio
44.34173852074405,58.643923592988244,24.708871938917056,6.2738043633944045,0.7795632376127812,82,1934.3293423444816,4,4,alto
37.76000058988588,14.670549736601732,52.708432338147375,6.511687248061967,0.4800435552980984,47,774.0833092709828,12,2,médio
39.882472259663345,6.522151992944659,45.315494806930126,5.491138642569559,0.3446055992361009,45,97.63654603139021,9,1,alto
18.469199561096588,86.8607984642271,37.740504751269945,10.232371890034013,0.6748498465340991,27,1856.42527685614,8,3,baixo
43.62194414296199,29.266700789046453,39.665557811883126,10.205161878867647,0.6398216343655965,6,827.2797141959364,3,3,médio
16.892399655869994,78.77093025024132,58.579033127383006,4.324858832038712,0.4381434300814544,103,1805.3687968569914,8,5,médio
43.30004336266413,94.94152704249802,7.021833129875246,2.8093348294038196,-0.012672627441530887,70,1769.1359577953003,2,3,médio
44.818675288808286,24.028813219902005,53.45445295663241,5.1301136031902015,0.8260813467869188,93,1336.9671885827877,3,2,alto
34.9102982011117,28.865366706502005,71.6649681118863,8.524570567783744,0.35560253750166215,81,1943.432823026372,5,2,alto
44.34003061271377,64.65738088711991,4.623055761589132,0.028340692149891166,0.26333378191626433,87,1452.5958104281087,11,2,médio
29.93389228484863,91.89037711405591,11.25226713869334,24.13969967015919,0.5295673951687717,5,716.5921321206517,12,1,baixo
19.083962411163164,87.42329133716696,57.330554936162514,1.0099308547266321,0.5738379611669769,57,1835.2882526610476,10,1,baixo
25.294855998296732,50.25879680590264,34.982531859569406,3.1767408354163758,0.11068791703030142,114,1472.849539694309,10,4,alto
30.77463273825751,76.55992542740522,32.28388966509507,10.279786727545222,0.7369388448099562,67,31.81820422480136,8,6,médio
12.557854670945524,17.217126778991094,10.957330763538868,1.2747218939322895,0.18993709366237785,54,2254.1104444257735,1,2,baixo
31.782014261603614,92.96943657836111,40.54160325742305,3.238911751250239,0.0866839259143167,66,1364.1090458107835,4,2,baixo
44.34122428668031,91.79179106323879,10.12362489571018,0.7111725192291275,0.30639985285449745,48,2171.5681636988293,1,3,baixo
16.653767742430468,19.735606209125386,38.12963650484323,2.513264932881387,0.6305600808974653,117,2206.8420974556116,1,2,baixo
37.74082907009341,31.948081232279595,61.08922391693254,0.9748183923834737,0.8654581784398034,50,1112.4166418377213,12,4,alto
41.77645778228668,14.013949775609024,20.66114863097308,2.2598579309468283,0.7092812643714332,58,1269.1499911280773,5,2,alto
43.02955574870773,29.454583900836173,38.46289345437818,2.337746951119782,0.8403483776701918,110,1039.3859691890048,6,1,alto
43.60474615419065,78.4360210473686,79.36127755174685,24.932731097259214,0.04060580407652678,5,1123.5919382701138,1,1,baixo
28.251087355251517,39.04840464487335,54.93203386832298,26.308027165466548,-0.028823201136323223,89,2237.8678974293193,11,3,médio
44.20577677970263,12.955727043208254,67.30854170441589,0.6096308504505087,0.4577047619066712,107,1970.3600349197775,6,2,alto
36.50585724970536,35.80029723010141,33.18780852484366,6.472566175140355,0.19029748304403435,50,316.314190788945,5,4,alto
15.658500268293666,93.32450008171521,61.42887385006843,0.26566165700039385,0.7280549729692729,37,1525.7694538502399,4,3,baixo
26.69150372637895,61.671523573328265,3.240733835305747,0.15328590518021737,0.5719878714023261,10,2489.7666009658556,10,4,baixo
35.14159113802014,42.4544851765542,9.832894603379598,0.5565234825463904,0.8707281639857944,51,1488.8767530812145,5,3,alto
18.65691105366792,19.9884662147543,16.245647433604972,16.831901512199153,0.1547923557313042,92,1964.6790639827639,8,2,alto
32.421531424211054,93.75591175553254,32.15615396921756,14.139538789065945,0.3857841143552324,19,1922.6536834529272,9,3,baixo
33.33101676663168,78.87641083368159,67.65959026606106,1.0779099374175114,0.4012404774253533,9,875.7938146808214,11,2,médio
15.694491033299805,30.332957220582745,27.70128406303444,0.8817312361558631,0.1391767948573762,25,929.6232567598972,12,2,baixo
29.77798593584647,11.306182614907051,52.36969548123703,1.375705774372202,0.4900933994880078,47,1810.191054476008,2,4,alto
37.00694188425127,10.096300163980223,56.74514358427867,3.6236742367538417,0.34328598607923955,90,1249.9588290120878,6,1,alto
27.461348258757965,15.834033455498044,46.89458832706731,4.216417019303314,0.34672155598987364,113,1426.42677282597,3,2,médio
10.42360908716376,57.26917252529795,28.579357453610896,1.2525315415998213,0.26273664797248364,13,1782.264475912094,2,4,baixo
10.316346417775225,88.58870790849431,46.164267337083544,7.065713634229999,-0.08307064757446495,99,1943.9375675976255,12,2,baixo
22.496027038950427,49.706908520538605,27.381247423179698,1.8520815520239267,0.422095236914789,58,678.7914443326785,1,0,baixo
42.41679239511237,80.86509342105775,6.709899084160966,12.763657659377428,0.23524783570033111,11,366.98439859240733,4,3,baixo
18.003687286126308,45.129795787382704,79.42431825488116,5.346083612191723,-0.09868013101567033,115,729.4866168093131,8,3,alto
32.202729110509054,68.77251911910427,10.174596290600872,2.866619531841706,0.20794370766193201,22,1268.8458127301888,3,1,baixo
17.77265547426622,70.86854635578507,5.787870706884588,7.801143982634723,0.17862833308975698,84,855.3532932425978,5,7,baixo
21.2584496380842,20.65673353130048,70.28245993657248,8.516398071184367,0.2934481532236358,71,1420.9068971189845,10,6,alto
39.681473136051935,37.50944530782306,24.146772871431608,1.7158442843371515,0.031851989643396944,38,133.66431031407112,5,6,alto
35.51015047944814,62.357194088422155,52.02375792588061,2.075415140638018,0.40768382463508446,8,1274.376029034418,5,4,alto
13.338974705962372,11.362694736592957,26.320458372978628,13.740858590118101,0.59244035251813,87,919.9622673442698,11,6,baixo
25.004570734525174,37.53861689866609,31.316341663557694,0.9000673425805763,0.5301855690545725,94,1336.666887232206,9,5,alto
11.020941727584256,53.13195196530732,20.96903776134372,0.2153226239121375,0.7037549475691907,24,1056.333387212442,8,3,baixo
26.831155131105316,94.66020437401748,27.443520463440816,3.0261881591575666,0.35200828798708117,16,710.5646265938561,8,1,baixo
33.185190409537384,47.70802063601967,32.856032046923445,8.077528930089898,0.41909173033972824,41,2260.2697636440894,1,5,médio
14.147591825935304,78.44510814028912,57.63328552738743,7.3847751720923185,0.7104019408589833,28,461.91247105339227,1,4,baixo
20.110972861820798,43.8860556559956,40.922895538783344,12.59939325174507,0.32770117081923855,59,1703.4139389513991,2,1,baixo
23.924281892575493,76.6751650357738,75.48521737255815,3.8092790090602597,0.601599349899597,66,2311.6117814560353,8,4,alto
42.18358586296174,58.587332145809754,3.3504315071020407,0.5271618776791681,0.33460236871799187,84,1346.6748992135826,10,1,alto
44.76392553980374,84.79358973521585,40.24546581056225,4.4420279861953045,0.31773619451156265,56,2191.021221448705,1,3,médio
11.571895464846556,41.98482971150989,46.73798310653745,7.534307667399933,0.6602056245291603,71,312.1286960832109,4,5,baixo
36.63527732233872,59.387397783933096,73.61575888594191,0.4898732933716793,0.07483691546621116,13,1234.4719256410203,9,2,alto
23.01034232408201,61.70168125569447,3.932681889714207,0.9476820131521219,0.23858597194157358,38,1142.5632012023484,2,7,baixo
23.736036518031803,42.5644647620426,45.87996679481728,0.061834079850860695,0.12417227674690176,15,20.297017592487144,3,5,baixo
36.3992740671458,17.988083931873337,68.29039428223656,4.502733848240289,0.25910994296759715,17,1108.143353398336,11,2,médio
42.1449251250893,13.4203466221102,19.354218249538924,10.890098523265053,0.13037482236602402,94,922.5743909564945,6,2,alto
43.282500807589194,6.500439553966979,70.103387881915,5.553373479357203,0.4794056310866547,74,1674.4968194365383,11,6,alto
30.19929051134123,83.61808378206932,1.5234727419433458,20.098065465617157,0.6981708026178453,101,2345.8244464412965,10,1,baixo
22.499240575517597,26.28274210148251,58.59637033069838,0.3255395627158709,0.6866130612179019,19,214.4777206550913,3,1,baixo
37.56421800505727,24.035607435359125,74.64905769349224,11.66527743835079,0.26450096454879246,116,818.6909667865577,4,2,médio
18.78504841418051,71.2431860383459,52.57581293120498,8.411879045837832,0.8887604058942618,45,1110.1618434856298,9,2,baixo
29.742591009173122,33.801450177865256,35.12233951843584,1.8861489197333892,0.4938543647058008,116,1137.9634450859583,9,2,alto
22.55024615337056,50.54402231706529,3.590481317817442,18.158065022031252,0.2994003017782948,44,1937.0243021056344,10,1,baixo
32.982087579775666,19.625995876771064,73.6091050658103,1.6979496952431383,0.7355392792414255,3,1108.4891645836021,5,2,alto
18.41396195127274,91.37711493157722,37.62369781532598,11.004870562598333,0.6298740126426409,83,67.9032536341334,7,2,baixo
16.7057531007189,81.64232600155137,2.319739546875841,10.632606084964815,0.6492753368241044,94,1775.2602364820782,9,2,baixo
42.1383680336403,82.7410660668503,55.18568570630095,7.087018726483731,0.09613934973387159,19,2212.0742378641794,8,8,alto
13.563128903233792,41.60963737148047,38.546980286100656,4.144496314748682,0.36832430736855515,10,1284.7617813741822,11,2,baixo
27.708526770722607,73.61250923364555,9.947625395392858,0.6391824803970594,0.7618281308246028,113,1452.7713042462633,7,4,baixo
17.729847403705314,17.948853985080213,17.141744744820766,3.796132942566371,0.4040380076287573,64,407.3410974226152,12,3,médio
11.362548716398361,5.7757102332602255,5.159254436467702,2.2064686985116007,0.5834527434210504,107,551.6148616973926,8,6,médio
11.260658640199924,6.797563932022531,45.94348317668589,7.856305863314721,0.48793373303426457,17,587.9255978115294,5,2,médio
16.132762023703958,57.79415636641044,49.76235834016074,7.096758032753727,0.7423567877183821,38,1076.8549372032383,5,1,baixo
40.336962407710004,45.98554147231467,40.45938386843555,12.073872550433894,0.18456083976160262,43,2320.3630522391054,5,2,alto
19.886756039195934,51.621381401766776,65.3681706402092,0.07470614373072437,0.4754752778863649,96,1304.4619167872152,1,3,baixo
43.26607097013535,5.671682637549747,68.88070570464109,8.280111996101558,0.023234668009803977,117,480.2441130033816,6,5,alto
30.356780254621775,43.04179576916832,49.24995173465013,13.940506360432934,0.5902107766994679,99,665.2193396723741,5,3,alto
25.281496641906813,69.62613450807747,1.0205183765944437,7.7866104483974325,0.6319678383527121,17,960.0375743179607,8,5,baixo
30.30310921343091,44.842433177069225,55.61837245981885,0.6974280470477568,-0.057162678811001594,46,1558.1474392319985,8,1,alto
28.084443482919372,70.8997285681,33.439937353628125,0.42386453847626837,0.5757909636279851,30,1100.0828825100134,2,4,baixo
36.557168881506385,25.97170679571513,45.24459865811096,0.10532784537686346,0.3146901541657864,98,981.1121104423123,11,2,médio
19.887362309049827,78.1827804033553,51.92644816151075,4.954333646127727,0.024096876109682336,38,1411.821500997487,6,3,médio
22.356763706010582,57.95881164081071,28.01892914616614,4.9668396988953845,0.31990754769846763,37,604.5874873861637,12,3,baixo
41.293300588663776,23.96867894869156,73.36788041374353,21.68095242015147,0.0942329296955817,78,197.25818146145545,11,2,alto
43.125977960264194,26.304842826844965,10.717989339982497,2.537847770130245,0.31555953212331656,46,61.03578705555529,10,3,alto
41.2395379620266,61.522741811258335,53.72094458248299,2.0166341160794388,0.2843390279585277,69,628.1479086678177,10,3,alto
24.680679788505977,79.6945633891199,0.34876639652643426,4.89648450077997,0.6383916369360575,7,228.98008536117175,6,3,baixo
37.31279260524086,42.40650038262397,73.97208843241447,8.732267482124389,0.6742155581663588,103,840.851596301917,3,8,alto
26.671750665538458,28.2470386214833,9.00033065904732,13.80519435832497,0.5070286543845467,85,1932.333850899389,1,6,médio
27.413894825113577,83.03104462195404,7.590738411805971,8.125910170650672,-0.07731315781755246,64,1790.7358262170958,7,1,baixo
17.16380381700494,65.23414625757513,26.64061064417954,2.781503774060747,0.831022279070994,12,1527.319056970072,10,3,baixo
30.689560614048077,45.32769385547689,29.88530288312645,5.038114906267069,0.5862332800964477,54,2131.2506096986967,5,3,alto
16.514756421367178,48.911017575137166,17.144005785830288,9.700114002822403,-0.06580455007881117,87,705.1690613606918,12,2,baixo
21.60476446735178,23.383082114275677,46.809732874169974,3.372703678413505,0.7188328992141179,84,2212.634382574914,12,2,médio
39.92605705669773,61.41223670583595,35.433127843357084,1.2211123171993399,0.10026615471799613,108,998.097924172948,10,2,alto
17.247653322379932,37.28682594885998,2.7340471232869934,0.9299821428447373,0.4792211895711068,42,1002.2332956665664,5,8,médio
12.490539981070148,94.60806590069143,25.57216498042405,0.0007887851052062069,0.36663436995018717,3,1013.3790340638038,11,3,baixo
12.415265741448572,48.21651637356991,64.83463308585364,6.333462591039501,0.3198387823550767,70,245.23591560245362,8,2,médio
42.92745821760877,48.72970455706518,55.176122788949485,0.5888369786521352,0.7897137201243976,59,2438.726245827639,12,5,médio
27.742215328664212,55.92666086696047,57.98966828639044,1.3975054717895077,0.33736129156261474,11,346.26694456289795,5,3,médio
24.32942251359564,87.50804028068721,55.849353926681886,1.768228622748865,-0.024655882426849268,58,852.2143111729613,5,3,médio
38.38075033527714,77.07362898737753,24.877841710642663,4.109221217182585,0.8466387272149526,76,798.2508008168928,1,3,baixo
39.253907476868065,45.601706281805725,7.97311376614207,2.5371343412209724,0.8205352312396276,53,186.69858204177407,2,1,alto
21.62668615904616,69.68293393755164,21.79737472264768,5.6146374897764515,0.5844326895815988,43,380.6503252796917,5,2,baixo
34.276632011582834,57.76119489026855,66.54282401481274,0.2862320497094157,0.367892528132025,15,112.14584046346454,7,2,alto
36.98929855481603,49.3130343831124,78.43766382264569,0.6615988875728733,-0.007140527056478746,5,731.0112339012836,3,6,médio
32.912774040308406,22.308419550591548,39.50776117932491,3.4578571488705045,0.6907481185774762,13,2166.6423100722664,12,3,médio
15.305827618003478,46.75426371094018,0.7760283938433776,2.0546358993498597,-0.024522085575971048,114,848.6055143434612,1,1,baixo
40.655907923097,27.12367283203172,11.203584970738323,1.7535592411564338,-0.03139901510485435,111,309.229580168448,11,2,alto
28.868309345760306,87.33579348664892,25.766446025301263,0.3469008700954912,0.4373838424393681,57,1614.2346709597948,12,2,baixo
19.88653492295013,35.186613214671226,46.286827887435976,11.303338880695941,0.06012824018464022,30,2491.502280137276,2,2,médio
24.882986490319286,90.70376130800351,6.0074916644251175,5.885333316585331,-0.09226973265965102,99,580.8094738298189,3,2,baixo
11.314988163961758,52.97497610852401,75.46858389679053,0.6483693938626428,0.32311343099578627,100,698.9275134264236,12,6,médio
14.475338042784614,61.83899408085443,29.206693862752058,0.33628951780762534,0.03721723161006593,40,2429.6176357019713,9,3,baixo
36.79413626805513,53.8646400040395,73.00673743398585,18.418968727653088,0.06051541528069124,119,446.94071887621783,8,3,alto
10.000407216437814,16.644255527003082,62.441744220561745,5.715526165054014,-0.023089361264665348,34,1278.0351686479096,4,5,médio
24.579803996880226,38.82390971071469,60.434981801246494,2.7017534097723086,0.10509375372360993,117,599.1303325402372,8,2,alto
28.287856337995596,13.923150104986155,48.53756638257856,6.04879825864357,0.6154841797743894,9,2330.8797447531097,9,2,alto
11.91220470003403,61.06586397650435,50.14270536414757,7.059738798429884,0.7089273072177914,80,2453.802536440735,3,1,médio
44.05773570403165,45.2186775680395,51.04025881729985,7.569779700316166,0.35253364402930065,114,2036.7446153000385,6,4,alto
17.914386593738516,75.01864744138432,50.297710962046565,3.249263360384902,0.4065538158814177,105,786.9595395320264,8,2,médio
20.646955187269832,24.842343289943287,44.2982585118689,2.809566259020241,-0.0673449654057974,29,1008.7186882012625,10,2,alto
20.63798792892596,19.810945258640142,78.91312147863111,0.055446721972338096,-0.03068373862868315,43,605.7642091660534,7,2,alto
18.06458317410725,41.569900786739105,58.58324539405569,13.05623625801848,0.1575677256495169,54,2226.894917522479,9,1,alto
10.0515837730209,88.3926844896543,62.1557110714017,4.622974057374498,0.44389842071314756,70,2286.3956942203954,7,5,baixo
35.52706779307987,68.93796335111705,69.79702520669393,1.135468823155609,0.639551148734993,17,1047.176655615118,1,5,médio
43.83959249297499,42.70312623136268,17.251181018067932,12.603918169095094,0.5050030613380331,82,1641.3326747575047,9,1,alto
17.850271914976577,51.55449527788795,6.7043327276048625,12.321515938010634,0.2921278549867883,78,413.88294943673463,12,0,baixo
33.20665171311978,12.57917100593885,38.63155492788789,22.633719781832582,0.01832407300313818,102,1087.3397509085225,5,1,alto
35.96637144355503,93.61183067385018,41.12645564954185,10.359611933120224,0.6807732348871894,107,1578.747766683744,6,0,médio
39.69488826816837,64.9766574225427,66.33454239599342,30.56113267233727,0.2637860515990571,85,963.5077962950489,2,1,médio
24.792021895476317,30.686366161708023,35.502686342586856,1.403109856098377,0.6360540144827896,38,893.9988142161498,2,2,baixo
20.602581697415022,57.72275547937199,45.66824204354502,9.23370574041198,0.41297884191434187,41,2.4974806673566663,4,3,baixo
21.38532969080609,14.853412946209458,42.165675081076664,8.658827479493901,0.6386620535618253,119,2010.7336594427852,4,2,médio
34.941746658447954,91.92530019268253,3.0562227005912845,1.3129337810194788,0.8072895614525719,53,2223.3440300536204,5,3,baixo
38.58728132769726,20.730648909502932,49.21719172775312,0.5181298209840253,0.821029516053802,29,2423.6588238645804,7,3,alto
16.356488871481094,63.32272862496927,66.24346286194017,19.417302544632978,0.43510678000060343,19,1798.1784626730387,11,2,médio
22.982935285521783,27.09090162850374,12.600043846064306,1.7550589887563333,0.4115083647656388,95,1371.9807809247113,12,3,médio
41.56790688622025,69.58052443836822,47.546538714127664,10.235521963309168,0.16567846550283724,41,673.2112995217734,1,4,médio
38.23427318931587,74.91392305162529,47.488843555713146,0.020678474416995767,0.8357998315292914,88,2498.248689908746,10,4,alto
44.47004409668666,65.60777560202894,13.1347971245087,0.10624488059269348,0.3579191671996209,86,1474.3821363302638,4,1,médio
36.39868908887283,60.30495142296733,9.877085898458882,3.1355923705296984,0.02759123928737714,4,1702.8851808261156,9,3,médio
23.761832035977278,85.32221845568105,78.40415543811878,1.3637353441529316,0.33270491462654994,49,1706.0154048882941,8,5,alto
30.672324189812322,12.076403989078223,31.497533572243004,5.853355618041535,0.02705325023800395,40,2113.1294893929535,3,9,médio
33.13549889865621,34.782328920217566,18.19373829788234,4.168536951360032,0.4025316842570751,93,24.181347117298024,6,3,alto
12.745953571099339,27.345873166776137,13.705963556349996,0.40326253734171597,0.4612755148562122,111,550.6173510784296,11,4,médio
29.057393568635277,93.92125658588795,53.408137086658805,0.8874360832417622,0.23775576149358532,38,1663.8350004250349,9,4,médio
34.82622899654133,40.045080170018615,48.755623786182305,2.455517531710198,-0.02834938576851534,56,2237.8643420614194,8,4,alto
15.856245640037113,70.93514293163588,51.484169838993395,1.0265431166021162,0.8435035356332391,90,1713.3469548033906,7,1,médio
37.322110109894496,66.62526474929041,7.0404822009161805,7.856433740893261,0.6733531134834296,56,1033.7282287342002,7,2,médio
30.432047317993906,24.087311372963995,71.48276667987496,2.6898728487242227,0.738881080505121,105,903.8887396756539,1,1,médio
43.32776249941581,26.50979121903962,31.141311744723865,0.4904454546523079,0.26686839428622944,36,1844.8700207083011,5,5,alto
11.48478043724121,30.31561071977307,25.069552514428636,3.311566368458709,0.6608310300194505,6,1853.0942428429837,7,3,baixo
19.286414814441343,42.00145504334413,36.98891577981914,0.47616091006893596,0.38537289516919426,4,1517.6449812642259,2,1,baixo
31.05438577549384,26.08925590854741,31.20528525981026,0.6902066235993014,0.10108348840604595,78,728.6675602433426,6,3,alto
20.379596927207572,6.768633447216303,69.08616025113167,1.3696179926268626,0.024423376907213273,50,2312.887045976359,2,3,alto
35.00484574249347,84.1453751126476,74.34087801583136,9.813725000132536,0.24505086932205686,105,1379.699855296598,3,4,alto
36.56518488826758,91.90488482427956,24.276257315968497,12.925571145477413,0.03755211147513968,7,1976.2308906208264,1,4,baixo
13.588058742326606,35.74133483284112,69.11486459679638,8.750911404455826,0.8982689762040686,55,535.7706554045791,3,2,baixo
27.98490624723687,35.46561914829256,62.52185036264537,2.0329077861619442,-0.05081100976797795,72,860.1019715368196,7,0,alto
27.811169445686957,5.638263149693389,74.46461378758094,1.5903383108869162,0.34114359936907657,10,2186.448790968356,5,5,alto
22.924826957543935,66.22256194973366,19.66002497487103,3.983166057370916,0.35209352239038416,21,125.26757484992102,4,2,baixo
42.65237018993852,79.28959061737659,46.15673200967833,6.398030526092931,0.20063192858167553,97,1280.7882781416552,12,0,médio
38.96272119556274,18.194747032400286,21.96356677923557,25.08285550107226,0.47135156570694536,98,1204.2636996100225,8,3,alto
34.40232836683729,19.369971443043568,65.92755923874994,0.7053455750696911,0.049977024151544674,76,1878.0754722702054,8,0,alto
35.00143225072492,76.10749249742939,0.42593524568514063,0.25274153886766887,0.6839123805872337,10,704.734426498331,1,2,baixo
26.16006503345917,60.46616735187302,45.185533030911685,5.926669449065783,0.2324477182476383,59,547.6670546489987,9,4,alto
42.234808238380154,9.037450186494532,27.13627450175344,8.925680764584417,0.49134258979864176,95,2315.3320969330844,9,2,alto
34.310839953864985,61.02922914160535,25.81469656622562,9.365350247220789,0.6156392360669594,105,1429.274129896162,2,7,médio
35.51433715795358,32.802595055938944,51.592505909193356,5.673221820276046,0.7890421176901612,14,261.7239207091362,2,0,médio
40.15918163255708,38.185263992376136,68.11875594511952,15.39728754667199,0.7357874364522001,37,482.5904055358027,8,1,alto
19.592505626976685,74.27582764671922,48.7356313114661,3.57701265477343,0.5083090281035596,0,2497.0651487856207,12,2,baixo
38.24748163533461,77.98416734053495,68.2538382917378,12.256283952421258,0.28839318038388695,45,489.02249063048106,11,1,baixo
16.83342110347722,41.03209641558476,21.167768950482397,17.180829113442563,0.40320467007496397,113,1526.188778384197,6,1,baixo
22.086968328571075,90.24376424057193,41.56014838119849,9.391735091238044,0.6687347933788026,87,1050.3201974890453,3,3,baixo
21.746365899444495,41.5816446156865,36.04292312536608,1.8535691713681604,0.7775455425594731,42,2213.997737124588,12,2,baixo
44.24839139361992,74.4652431707099,0.9315919602476974,1.0921213431498924,0.0037819281766718615,103,1887.9214807383194,2,3,médio
39.97880283117744,48.54895381078332,44.54497145125921,3.971693824633411,0.2848562624930535,21,1492.3784906545395,5,1,alto
34.54094515565909,85.77790938698756,52.92194593169399,3.0166672144193454,0.6761165984135006,2,26.847454494956235,8,3,baixo
35.446986656538655,86.69851192851608,47.3531523535256,10.50877695875445,0.331651762593961,13,2199.488018733649,6,2,baixo
29.672547804089987,12.867512708397548,58.90239190267372,0.5269785317581337,0.23222776406628384,1,1111.6686770967906,12,3,alto
43.14817334879817,89.28439981792032,45.707162276246166,1.4902788774024023,0.31132269682326963,60,2328.9441325464413,3,2,médio
27.369056350882655,79.29813573683741,5.3400203880605535,6.967580768385967,0.5028447467863508,31,1238.8475321355031,12,7,baixo
23.318119845446308,76.21796428814002,9.315641926776914,0.4990278922997327,0.8998051441338015,111,1735.5612229568137,12,4,baixo
15.706236792605685,23.08202057169702,47.71796620351619,1.9339362569826597,0.3929924291045318,37,173.23162366660537,9,7,alto
37.51719782913703,77.46072878791985,21.998335357891214,2.4482193641148275,0.10849447495426054,96,1862.8791338169644,8,2,alto
35.7055376226457,81.51194612165331,6.371610322781267,4.872166044410048,0.06284657527909474,45,844.9900782798072,10,1,baixo
23.452426348344723,31.023530100873586,34.36821947588374,0.8606640681689575,-0.057650252523585716,41,878.3975358294522,6,4,alto
10.881769488573028,90.70340705260914,44.34580784669243,9.852199965761804,0.4588172349183215,5,296.6396117734749,1,2,baixo
39.36490647013038,9.487413175924782,26.299679067968526,2.966891463975458,0.44457209148883425,40,367.14287160050566,2,5,médio
10.399629420892577,18.49183279224257,57.634696178062235,12.445881471641282,0.10523392678030916,102,464.3976405155253,4,2,baixo
34.62949228701679,53.382302424636286,51.501648648099575,3.154336481434696,0.595329406452567,24,820.5154214285559,2,2,médio
43.958998840411994,56.82132240100787,26.625468887333756,1.608195776213557,0.6411070416296808,97,2229.9247819390134,3,1,alto
25.31814648518712,63.063507497081304,60.38980231268485,0.7647584951385539,0.15909820538211125,10,920.6505955752012,8,1,médio
18.224069174858347,6.527221638391981,51.895603402642834,0.018760625685228727,0.24409976402973652,109,1810.906766408046,9,5,alto
34.67048535151836,91.43300971599173,50.995630297432164,3.798117730366601,0.8904716723472567,100,206.86875972467848,6,2,médio
38.599484970545475,9.01292834607296,44.27421606296544,0.5667209299264615,0.2742644678507342,40,1477.7469981799816,4,3,alto
29.125061062724654,17.875575745106214,0.9111734470842237,2.4856637002187174,0.6608016717561018,70,1204.7280781760987,11,2,médio
43.84623463396512,6.261306577345128,55.72057467815113,4.449117513714599,0.35272542662994,56,2444.8948673862615,2,4,alto
11.808405258028639,56.01725899646852,30.083343288732518,1.6126506831124958,0.693344827860976,45,2115.5194246974074,7,3,baixo
27.667845940658484,88.9040195528875,75.40877681269245,0.9632189957268139,0.6690232387826479,111,1137.0744310966243,10,5,médio
35.14588815628925,64.93524494724178,65.43878168617643,7.452092043360974,0.5677560251985356,85,1937.8569101133469,11,2,médio
40.19241649022126,79.03917216323846,47.01555756250498,14.66765480922075,0.7547783462955793,47,482.5968532344438,7,2,médio
16.273946416772652,6.195308311272207,20.174558545541554,0.5292499430506574,0.8392184948776852,62,1405.8408184794453,10,4,alto
38.00012186172885,53.781376863175346,16.297391462213326,0.845587522527078,0.4799833204520839,38,186.54763892177044,9,3,alto
29.344747650149085,46.360667975496966,27.23078701420393,16.095961531305605,0.1374689072227457,9,870.2225806292078,5,2,baixo
23.87937886964871,49.90711497987137,38.125435486401486,0.19258275908906558,0.29862896164407504,84,564.6554540554258,10,3,alto
14.610026000268274,11.499186680166915,23.685240803115768,19.000694795564836,0.6583057135132933,69,1797.2745383130273,4,2,baixo
40.285351561811936,66.59918249623767,41.194359631398626,0.023276511045212254,0.5508834851238695,112,1225.2267280359035,10,7,alto
15.504562286290037,50.2898373372771,13.229634041054874,10.34423553316847,0.07779833856524873,64,1877.6761971200262,6,2,baixo
20.842575072318475,73.86339648751375,78.21702502603999,1.8359731327637705,-0.0487604588535753,97,1288.238594078614,12,5,baixo
20.15159361868529,48.676157065554385,8.63396439719951,13.950819986904815,0.5829615935420649,58,216.21110537909632,2,2,baixo
40.4994911966799,18.444347260378887,74.55553117234976,1.9059015906642118,0.15107902402934534,77,1838.4191243313169,2,2,alto
